Source,Target
1,11
1,21
1,22
1,24
1,25
1,26
1,27
1,48
1,81
1,169
1,189
1,190
1,196
1,247
1,278
1,279
1,280
1,281
1,282
1,284
1,288
1,349
1,353
1,355
1,394
1,440
1,550
1,552
1,554
1,561
1,572
1,587
1,588
1,606
1,627
1,630
1,634
1,642
1,645
1,647
1,655
1,664
1,671
1,675
1,678
1,726
1,727
1,730
1,731
2,5
2,10
2,19
2,20
2,46
2,87
2,93
2,118
2,121
2,122
2,139
2,149
2,150
2,161
2,175
2,186
2,195
2,198
2,200
2,229
2,234
2,244
2,246
2,274
2,285
2,291
2,302
2,303
2,318
2,367
2,374
2,406
2,453
2,460
2,481
2,494
2,513
2,514
2,523
2,543
2,544
2,548
2,562
2,565
2,600
2,615
2,621
2,622
2,657
2,660
2,669
2,681
2,706
2,712
2,761
2,779
3,45
3,65
3,73
3,107
3,336
3,815
3,816
3,819
3,820
3,824
3,825
3,826
3,827
3,828
3,830
3,831
3,832
3,833
3,834
3,835
3,837
3,838
3,839
3,840
3,841
3,842
3,843
3,844
3,845
3,846
3,847
3,848
3,849
3,850
3,851
3,852
3,853
3,854
3,855
3,856
3,857
3,858
3,859
3,860
3,861
3,862
3,863
3,864
3,865
3,866
3,868
3,869
3,870
3,871
3,872
5,10
5,19
5,20
5,40
5,46
5,48
5,86
5,87
5,93
5,111
5,112
5,118
5,122
5,139
5,149
5,150
5,161
5,174
5,175
5,186
5,195
5,198
5,200
5,229
5,234
5,244
5,246
5,274
5,284
5,285
5,290
5,291
5,302
5,303
5,318
5,367
5,374
5,376
5,394
5,406
5,440
5,453
5,460
5,481
5,494
5,507
5,513
5,514
5,523
5,543
5,544
5,546
5,548
5,562
5,565
5,600
5,603
5,606
5,615
5,621
5,622
5,657
5,660
5,669
5,681
5,712
5,761
5,779
6,53
6,243
8,693
9,52
9,100
9,106
9,117
9,119
9,124
9,125
9,176
9,185
9,187
9,254
9,257
9,261
9,276
9,320
9,341
9,343
9,347
9,356
9,365
9,366
9,373
9,375
9,397
9,404
9,412
9,420
9,421
9,422
9,424
9,426
9,428
9,429
9,430
9,431
9,433
9,435
9,439
9,461
9,464
9,467
9,472
9,490
9,509
9,526
9,527
9,589
9,598
9,613
9,633
9,690
9,717
9,744
9,762
9,763
9,783
9,794
9,800
9,801
10,19
10,20
10,40
10,46
10,69
10,86
10,87
10,93
10,97
10,111
10,118
10,121
10,122
10,139
10,149
10,150
10,161
10,174
10,175
10,186
10,195
10,198
10,200
10,229
10,234
10,244
10,246
10,250
10,274
10,285
10,290
10,291
10,302
10,303
10,312
10,318
10,367
10,374
10,376
10,394
10,406
10,410
10,453
10,460
10,469
10,481
10,494
10,507
10,513
10,514
10,523
10,543
10,544
10,546
10,548
10,562
10,565
10,600
10,603
10,606
10,615
10,621
10,622
10,626
10,657
10,660
10,662
10,669
10,681
10,705
10,706
10,712
10,761
10,779
11,21
11,22
11,24
11,25
11,26
11,27
11,48
11,74
11,81
11,169
11,189
11,190
11,196
11,201
11,247
11,278
11,279
11,280
11,281
11,282
11,284
11,288
11,290
11,349
11,353
11,355
11,394
11,440
11,550
11,552
11,554
11,561
11,572
11,587
11,588
11,603
11,606
11,627
11,630
11,634
11,642
11,645
11,647
11,655
11,664
11,671
11,675
11,678
11,726
11,727
11,730
11,731
12,13
15,395
17,241
17,442
19,20
19,40
19,46
19,86
19,87
19,93
19,111
19,118
19,149
19,150
19,161
19,174
19,175
19,186
19,195
19,198
19,200
19,229
19,234
19,244
19,246
19,290
19,291
19,302
19,303
19,318
19,367
19,376
19,394
19,410
19,453
19,460
19,481
19,494
19,507
19,513
19,514
19,523
19,543
19,544
19,562
19,565
19,600
19,603
19,615
19,621
19,622
19,657
19,660
19,662
19,669
19,681
19,705
19,706
19,711
19,712
19,761
19,779
20,40
20,46
20,67
20,69
20,76
20,86
20,87
20,93
20,110
20,111
20,112
20,118
20,137
20,139
20,140
20,149
20,150
20,161
20,174
20,175
20,186
20,195
20,198
20,200
20,229
20,234
20,244
20,246
20,272
20,274
20,290
20,291
20,302
20,318
20,367
20,374
20,376
20,394
20,410
20,453
20,460
20,462
20,481
20,494
20,513
20,514
20,523
20,543
20,544
20,545
20,548
20,556
20,562
20,565
20,599
20,600
20,603
20,615
20,621
20,622
20,657
20,660
20,669
20,681
20,705
20,706
20,711
20,712
20,735
20,738
20,758
20,761
20,771
20,779
21,22
21,24
21,25
21,26
21,27
21,74
21,81
21,169
21,189
21,190
21,201
21,247
21,278
21,279
21,280
21,281
21,282
21,349
21,353
21,355
21,440
21,550
21,552
21,554
21,561
21,572
21,588
21,627
21,630
21,634
21,642
21,645
21,647
21,655
21,664
21,671
21,675
21,678
21,726
21,727
21,731
22,24
22,25
22,26
22,27
22,48
22,74
22,81
22,169
22,189
22,190
22,196
22,201
22,247
22,278
22,279
22,280
22,281
22,282
22,284
22,288
22,290
22,349
22,353
22,355
22,394
22,440
22,550
22,552
22,554
22,561
22,572
22,587
22,588
22,603
22,606
22,627
22,630
22,634
22,642
22,645
22,647
22,655
22,664
22,671
22,675
22,678
22,726
22,727
22,730
22,731
24,25
24,26
24,27
24,48
24,74
24,81
24,169
24,189
24,190
24,196
24,201
24,247
24,278
24,279
24,280
24,281
24,282
24,284
24,288
24,290
24,349
24,353
24,355
24,394
24,440
24,550
24,552
24,554
24,561
24,572
24,587
24,588
24,603
24,606
24,627
24,630
24,634
24,642
24,645
24,647
24,655
24,664
24,671
24,675
24,678
24,726
24,727
24,730
24,731
25,26
25,27
25,48
25,81
25,169
25,189
25,190
25,196
25,247
25,278
25,279
25,280
25,281
25,282
25,284
25,288
25,349
25,353
25,355
25,394
25,440
25,550
25,552
25,554
25,561
25,572
25,587
25,588
25,606
25,627
25,630
25,634
25,642
25,645
25,647
25,655
25,664
25,671
25,675
25,678
25,726
25,727
25,730
25,731
26,27
26,48
26,74
26,81
26,169
26,189
26,190
26,196
26,201
26,247
26,278
26,279
26,280
26,281
26,282
26,284
26,288
26,290
26,349
26,353
26,355
26,394
26,440
26,550
26,552
26,554
26,561
26,572
26,587
26,588
26,603
26,606
26,627
26,630
26,634
26,642
26,645
26,647
26,655
26,664
26,671
26,675
26,678
26,726
26,727
26,730
26,731
27,48
27,74
27,81
27,169
27,189
27,190
27,196
27,201
27,247
27,278
27,279
27,280
27,281
27,282
27,284
27,288
27,290
27,349
27,353
27,355
27,394
27,440
27,550
27,552
27,554
27,561
27,572
27,587
27,588
27,606
27,627
27,630
27,634
27,642
27,645
27,647
27,655
27,664
27,671
27,675
27,678
27,726
27,727
27,730
27,731
29,35
29,38
29,62
29,67
29,68
29,76
29,85
29,116
29,136
29,137
29,140
29,180
29,183
29,235
29,268
29,270
29,271
29,273
29,316
29,342
29,358
29,364
29,436
29,438
29,444
29,462
29,476
29,478
29,479
29,480
29,489
29,491
29,497
29,500
29,503
29,504
29,512
29,518
29,521
29,525
29,530
29,532
29,534
29,537
29,556
29,557
29,558
29,559
29,564
29,599
29,691
29,702
29,703
29,704
29,714
29,721
29,735
29,737
29,738
29,739
29,742
29,743
29,758
29,767
29,782
29,785
29,790
29,798
30,149
30,186
30,195
30,260
30,544
30,578
30,660
31,43
31,99
31,361
31,493
31,495
32,66
32,754
34,42
34,75
34,78
34,80
34,101
34,105
34,143
34,151
34,202
34,287
34,292
34,300
34,332
34,333
34,348
34,357
34,389
34,390
34,407
34,437
34,481
34,486
34,488
34,492
34,524
34,618
34,621
34,633
34,635
34,656
34,674
34,701
34,720
34,732
34,734
34,740
34,741
34,799
35,38
35,62
35,67
35,68
35,116
35,140
35,268
35,270
35,271
35,273
35,316
35,436
35,438
35,476
35,478
35,479
35,480
35,489
35,491
35,496
35,497
35,500
35,503
35,504
35,511
35,512
35,518
35,521
35,525
35,556
35,735
35,742
35,743
35,767
35,785
38,62
38,67
38,68
38,69
38,76
38,110
38,116
38,136
38,137
38,140
38,183
38,268
38,270
38,271
38,272
38,273
38,293
38,342
38,364
38,444
38,462
38,476
38,478
38,479
38,480
38,489
38,491
38,496
38,497
38,500
38,503
38,504
38,511
38,512
38,518
38,521
38,525
38,556
38,557
38,559
38,564
38,641
38,691
38,735
38,737
38,738
38,742
38,743
38,758
38,767
38,771
38,782
38,785
38,790
38,798
39,47
39,50
39,51
39,69
39,144
39,145
39,146
39,205
39,217
39,219
39,764
40,46
40,48
40,87
40,93
40,150
40,174
40,189
40,198
40,200
40,244
40,284
40,290
40,291
40,376
40,394
40,513
40,514
40,603
40,606
40,657
40,681
40,761
42,75
42,78
42,80
42,101
42,105
42,143
42,151
42,202
42,287
42,292
42,300
42,332
42,333
42,348
42,357
42,389
42,390
42,407
42,437
42,481
42,486
42,488
42,492
42,524
42,618
42,633
42,635
42,656
42,674
42,701
42,720
42,732
42,734
42,740
42,741
42,799
42,824
43,99
43,123
43,493
43,495
45,65
45,73
45,107
45,130
45,336
45,801
45,811
45,815
45,816
45,817
45,819
45,820
45,821
45,823
45,824
45,825
45,826
45,827
45,828
45,830
45,831
45,832
45,833
45,834
45,835
45,836
45,837
45,838
45,839
45,840
45,842
45,843
45,844
45,845
45,846
45,847
45,848
45,849
45,850
45,851
45,853
45,854
45,855
45,859
45,860
45,861
45,863
45,864
45,866
46,69
46,86
46,87
46,93
46,97
46,111
46,118
46,121
46,122
46,139
46,149
46,150
46,161
46,174
46,175
46,186
46,195
46,198
46,200
46,223
46,229
46,234
46,244
46,246
46,274
46,285
46,290
46,291
46,302
46,303
46,312
46,318
46,367
46,374
46,376
46,388
46,394
46,406
46,410
46,453
46,460
46,469
46,481
46,494
46,507
46,513
46,514
46,523
46,543
46,544
46,548
46,562
46,565
46,600
46,603
46,606
46,615
46,621
46,622
46,626
46,657
46,660
46,669
46,681
46,705
46,706
46,712
46,761
46,779
47,50
47,51
47,144
47,145
47,146
47,199
47,205
47,217
47,219
47,764
47,806
48,81
48,87
48,93
48,118
48,169
48,174
48,190
48,196
48,198
48,200
48,247
48,278
48,279
48,280
48,281
48,282
48,284
48,290
48,349
48,355
48,394
48,440
48,514
48,550
48,552
48,554
48,561
48,588
48,603
48,606
48,627
48,634
48,642
48,645
48,647
48,655
48,664
48,671
48,675
48,678
48,681
48,726
48,730
48,761
50,51
50,69
50,137
50,144
50,145
50,146
50,205
50,217
50,219
50,220
50,764
51,144
51,145
51,146
51,205
51,217
51,219
51,764
51,806
52,100
52,106
52,117
52,119
52,124
52,125
52,154
52,176
52,185
52,187
52,254
52,257
52,261
52,276
52,320
52,341
52,343
52,347
52,356
52,366
52,373
52,375
52,397
52,404
52,412
52,420
52,421
52,422
52,424
52,426
52,428
52,429
52,430
52,431
52,433
52,435
52,439
52,461
52,464
52,467
52,472
52,490
52,498
52,505
52,508
52,509
52,526
52,527
52,589
52,598
52,613
52,690
52,717
52,744
52,762
52,763
52,783
52,794
52,800
53,241
53,243
55,385
62,67
62,68
62,69
62,110
62,116
62,136
62,137
62,140
62,268
62,270
62,271
62,272
62,273
62,444
62,462
62,476
62,478
62,479
62,480
62,489
62,491
62,497
62,500
62,503
62,504
62,512
62,518
62,521
62,525
62,556
62,599
62,691
62,735
62,738
62,743
62,758
62,771
62,782
62,785
62,790
63,66
65,73
65,107
65,336
65,811
65,813
65,815
65,816
65,817
65,819
65,820
65,821
65,823
65,824
65,825
65,826
65,827
65,828
65,830
65,831
65,832
65,833
65,834
65,835
65,837
65,838
65,839
65,840
65,841
65,842
65,843
65,844
65,845
65,846
65,847
65,848
65,849
65,850
65,851
65,852
65,853
65,854
65,855
65,856
65,857
65,859
65,860
65,861
65,862
65,863
65,864
65,865
65,866
67,68
67,69
67,76
67,110
67,116
67,136
67,137
67,140
67,268
67,270
67,271
67,272
67,273
67,436
67,444
67,462
67,476
67,478
67,479
67,480
67,489
67,491
67,496
67,497
67,500
67,503
67,504
67,511
67,512
67,518
67,521
67,525
67,556
67,599
67,691
67,735
67,737
67,738
67,742
67,758
67,767
67,771
67,785
67,798
68,69
68,76
68,110
68,116
68,136
68,137
68,140
68,268
68,270
68,271
68,272
68,273
68,444
68,462
68,476
68,478
68,479
68,480
68,489
68,491
68,496
68,497
68,500
68,503
68,504
68,512
68,518
68,521
68,525
68,556
68,735
68,738
68,785
69,76
69,110
69,121
69,136
69,137
69,139
69,145
69,149
69,175
69,186
69,195
69,200
69,217
69,231
69,244
69,268
69,270
69,271
69,272
69,273
69,274
69,302
69,318
69,367
69,374
69,410
69,453
69,462
69,469
69,476
69,478
69,479
69,480
69,489
69,491
69,494
69,497
69,500
69,503
69,504
69,512
69,514
69,518
69,521
69,525
69,543
69,544
69,545
69,556
69,562
69,600
69,660
69,669
69,692
69,705
69,706
69,735
69,738
69,761
69,771
69,785
71,138
71,616
73,107
73,130
73,811
73,813
73,815
73,816
73,817
73,819
73,820
73,822
73,823
73,824
73,825
73,826
73,827
73,828
73,830
73,831
73,832
73,833
73,834
73,835
73,837
73,838
73,839
73,840
73,841
73,842
73,843
73,844
73,845
73,846
73,848
73,849
73,850
73,853
73,855
74,81
74,169
74,189
74,190
74,201
74,279
74,280
74,281
74,282
74,349
74,355
74,401
74,552
74,554
74,561
74,572
74,588
74,642
74,645
74,647
74,664
74,671
74,675
74,678
74,731
75,78
75,80
75,100
75,101
75,105
75,143
75,151
75,202
75,253
75,261
75,287
75,292
75,300
75,332
75,333
75,348
75,357
75,389
75,390
75,407
75,428
75,437
75,461
75,481
75,486
75,488
75,492
75,524
75,618
75,621
75,633
75,635
75,656
75,667
75,674
75,701
75,720
75,732
75,734
75,740
75,741
75,799
76,110
76,136
76,140
76,268
76,270
76,271
76,272
76,462
76,478
76,479
76,480
76,489
76,491
76,497
76,500
76,503
76,504
76,512
76,518
76,521
76,525
76,556
76,735
76,738
76,758
78,80
78,101
78,105
78,118
78,119
78,122
78,143
78,151
78,202
78,234
78,253
78,285
78,287
78,300
78,333
78,348
78,357
78,375
78,389
78,390
78,407
78,424
78,433
78,437
78,461
78,472
78,486
78,488
78,492
78,618
78,633
78,656
78,674
78,701
78,732
78,740
78,741
80,101
80,105
80,143
80,151
80,202
80,257
80,287
80,292
80,300
80,332
80,333
80,348
80,357
80,389
80,390
80,397
80,407
80,437
80,481
80,486
80,488
80,492
80,524
80,618
80,621
80,633
80,635
80,656
80,667
80,674
80,701
80,720
80,732
80,734
80,740
80,741
80,799
80,824
81,169
81,189
81,190
81,196
81,201
81,247
81,278
81,279
81,280
81,281
81,282
81,284
81,288
81,290
81,349
81,353
81,355
81,394
81,440
81,550
81,552
81,554
81,561
81,572
81,587
81,588
81,603
81,606
81,627
81,630
81,634
81,642
81,645
81,647
81,655
81,664
81,671
81,675
81,678
81,726
81,727
81,730
81,731
83,311
85,103
85,140
85,175
85,180
85,183
85,225
85,235
85,268
85,270
85,271
85,273
85,286
85,293
85,342
85,346
85,358
85,364
85,454
85,479
85,489
85,504
85,518
85,520
85,530
85,532
85,534
85,537
85,557
85,558
85,559
85,562
85,564
85,570
85,574
85,617
85,623
85,625
85,702
85,703
85,704
85,705
85,711
85,714
85,721
85,735
85,736
85,739
85,782
85,785
85,790
85,795
85,832
85,835
85,841
86,90
86,93
86,97
86,118
86,122
86,149
86,161
86,186
86,195
86,198
86,223
86,244
86,246
86,250
86,318
86,367
86,460
86,469
86,494
86,501
86,507
86,513
86,514
86,543
86,565
86,626
86,657
86,681
86,706
86,712
86,761
86,776
86,779
87,93
87,112
87,118
87,149
87,150
87,161
87,174
87,186
87,198
87,200
87,244
87,246
87,247
87,284
87,290
87,291
87,302
87,318
87,394
87,440
87,460
87,481
87,513
87,514
87,543
87,565
87,603
87,606
87,615
87,621
87,657
87,681
87,761
87,779
88,184
88,773
90,97
90,153
90,160
90,170
90,274
90,310
90,367
90,388
90,409
90,453
90,469
90,494
90,507
90,592
90,600
92,204
92,228
92,286
92,293
92,294
92,326
92,335
92,346
92,358
92,376
92,441
92,443
92,445
92,446
92,447
92,448
92,449
92,450
92,454
92,515
92,545
92,705
92,768
92,795
93,111
93,112
93,118
93,139
93,149
93,150
93,161
93,174
93,175
93,186
93,195
93,198
93,200
93,229
93,234
93,244
93,246
93,274
93,284
93,290
93,291
93,302
93,303
93,318
93,367
93,374
93,394
93,410
93,453
93,460
93,481
93,494
93,507
93,513
93,514
93,523
93,543
93,544
93,546
93,562
93,565
93,600
93,603
93,606
93,615
93,621
93,622
93,657
93,660
93,669
93,681
93,712
93,761
93,779
97,121
97,139
97,149
97,160
97,161
97,170
97,186
97,195
97,246
97,274
97,302
97,303
97,310
97,318
97,367
97,374
97,453
97,460
97,469
97,494
97,507
97,513
97,514
97,543
97,544
97,565
97,595
97,600
97,657
97,660
97,669
97,776
98,359
98,696
98,697
99,123
100,106
100,117
100,119
100,120
100,124
100,125
100,154
100,176
100,185
100,187
100,253
100,254
100,257
100,261
100,276
100,320
100,341
100,343
100,347
100,356
100,366
100,373
100,375
100,397
100,404
100,412
100,420
100,421
100,422
100,424
100,426
100,428
100,429
100,430
100,431
100,433
100,434
100,435
100,439
100,461
100,464
100,467
100,472
100,490
100,498
100,505
100,508
100,509
100,526
100,527
100,589
100,598
100,613
100,690
100,717
100,744
100,747
100,762
100,763
100,783
100,794
100,800
100,801
101,105
101,143
101,151
101,202
101,253
101,287
101,292
101,300
101,332
101,333
101,348
101,357
101,389
101,390
101,407
101,437
101,481
101,486
101,488
101,492
101,524
101,618
101,621
101,633
101,635
101,656
101,667
101,674
101,701
101,720
101,732
101,734
101,740
101,741
101,799
103,225
103,228
103,229
103,231
103,232
103,235
103,334
103,340
103,352
103,548
103,563
103,570
103,573
103,574
103,575
103,576
103,617
103,620
103,622
103,623
103,624
103,625
103,702
103,703
103,795
103,821
103,822
103,823
105,143
105,151
105,202
105,253
105,287
105,292
105,300
105,332
105,333
105,348
105,357
105,389
105,390
105,407
105,437
105,481
105,486
105,488
105,492
105,524
105,618
105,621
105,633
105,635
105,656
105,667
105,674
105,701
105,720
105,732
105,734
105,740
105,741
105,799
106,117
106,119
106,120
106,124
106,125
106,154
106,176
106,185
106,187
106,254
106,257
106,261
106,276
106,320
106,341
106,343
106,347
106,356
106,366
106,373
106,375
106,397
106,404
106,412
106,420
106,421
106,422
106,424
106,426
106,428
106,429
106,430
106,431
106,433
106,434
106,435
106,439
106,461
106,464
106,467
106,472
106,490
106,498
106,505
106,508
106,509
106,526
106,527
106,589
106,598
106,613
106,690
106,717
106,744
106,747
106,762
106,763
106,783
106,794
106,800
106,801
107,336
107,811
107,813
107,815
107,816
107,817
107,819
107,820
107,821
107,823
107,824
107,825
107,826
107,827
107,828
107,830
107,831
107,832
107,833
107,834
107,835
107,837
107,838
107,839
107,840
107,841
107,842
107,843
107,844
107,845
107,846
107,847
107,848
107,849
107,850
107,851
107,852
107,853
107,854
107,855
107,856
107,857
107,859
107,860
107,861
107,862
107,863
107,864
107,865
107,866
108,289
108,651
108,733
108,759
110,136
110,140
110,200
110,268
110,270
110,271
110,272
110,273
110,438
110,462
110,476
110,478
110,479
110,480
110,489
110,491
110,496
110,497
110,500
110,503
110,504
110,512
110,518
110,521
110,525
110,599
110,735
110,737
110,738
110,758
110,771
110,785
111,161
111,198
111,246
111,291
111,460
111,507
111,513
111,514
111,543
111,565
111,657
111,681
111,761
112,118
112,150
112,174
112,198
112,200
112,234
112,244
112,290
112,291
112,348
112,389
112,390
112,394
112,440
112,481
112,514
112,562
112,603
112,618
112,621
112,657
112,674
112,681
112,740
112,761
116,268
116,270
116,271
116,273
116,316
116,436
116,438
116,476
116,479
116,480
116,489
116,491
116,496
116,497
116,500
116,503
116,504
116,511
116,518
116,521
116,525
116,735
116,742
116,743
116,767
116,785
117,119
117,121
117,124
117,125
117,154
117,176
117,185
117,187
117,254
117,257
117,261
117,276
117,285
117,320
117,341
117,343
117,347
117,356
117,365
117,366
117,373
117,375
117,397
117,404
117,412
117,420
117,421
117,422
117,424
117,426
117,428
117,429
117,430
117,431
117,433
117,435
117,439
117,461
117,464
117,467
117,472
117,490
117,498
117,505
117,508
117,509
117,526
117,527
117,589
117,598
117,613
117,690
117,717
117,744
117,747
117,762
117,763
117,783
117,794
117,800
118,121
118,122
118,149
118,150
118,161
118,174
118,175
118,186
118,195
118,198
118,200
118,229
118,234
118,244
118,246
118,247
118,253
118,284
118,285
118,290
118,291
118,302
118,318
118,332
118,376
118,394
118,426
118,440
118,460
118,481
118,513
118,514
118,523
118,543
118,544
118,548
118,562
118,565
118,600
118,603
118,606
118,615
118,618
118,620
118,621
118,622
118,657
118,660
118,669
118,681
118,712
118,761
118,779
119,120
119,124
119,125
119,154
119,176
119,185
119,187
119,254
119,257
119,261
119,276
119,320
119,341
119,343
119,347
119,356
119,366
119,373
119,375
119,397
119,404
119,412
119,420
119,421
119,422
119,424
119,426
119,428
119,429
119,430
119,431
119,433
119,435
119,439
119,461
119,464
119,467
119,472
119,490
119,498
119,505
119,508
119,509
119,526
119,527
119,589
119,598
119,613
119,690
119,717
119,744
119,747
119,762
119,763
119,783
119,794
120,124
120,125
120,154
120,176
120,185
120,187
120,253
120,261
120,276
120,343
120,356
120,366
120,412
120,420
120,422
120,424
120,428
120,430
120,431
120,433
120,435
120,439
120,461
120,467
120,472
120,490
120,589
120,744
120,763
120,783
120,794
121,122
121,124
121,139
121,149
121,161
121,176
121,185
121,186
121,187
121,195
121,231
121,234
121,246
121,253
121,274
121,285
121,291
121,302
121,318
121,332
121,341
121,343
121,365
121,366
121,367
121,374
121,375
121,389
121,397
121,420
121,421
121,424
121,426
121,428
121,431
121,433
121,435
121,453
121,460
121,467
121,469
121,472
121,481
121,490
121,494
121,507
121,513
121,526
121,527
121,543
121,544
121,565
121,589
121,595
121,598
121,600
121,613
121,615
121,618
121,621
121,657
121,660
121,669
121,706
121,712
121,763
122,149
122,161
122,176
122,195
122,229
122,234
122,246
122,253
122,285
122,291
122,318
122,332
122,341
122,375
122,397
122,424
122,426
122,431
122,435
122,460
122,469
122,472
122,481
122,513
122,514
122,527
122,543
122,548
122,565
122,598
122,613
122,615
122,618
122,621
122,657
122,660
122,669
122,712
122,744
123,153
123,159
123,160
123,643
124,125
124,154
124,176
124,185
124,187
124,254
124,257
124,261
124,276
124,320
124,341
124,343
124,347
124,356
124,365
124,366
124,373
124,375
124,397
124,404
124,412
124,420
124,421
124,422
124,424
124,426
124,428
124,429
124,430
124,431
124,433
124,434
124,435
124,439
124,461
124,464
124,467
124,472
124,490
124,498
124,505
124,508
124,509
124,526
124,527
124,589
124,598
124,613
124,690
124,717
124,744
124,747
124,762
124,763
124,783
124,794
124,800
124,801
125,154
125,176
125,185
125,187
125,254
125,257
125,261
125,276
125,320
125,341
125,343
125,347
125,356
125,365
125,366
125,373
125,375
125,397
125,404
125,412
125,420
125,421
125,422
125,424
125,426
125,428
125,429
125,430
125,431
125,433
125,434
125,435
125,439
125,461
125,464
125,467
125,472
125,490
125,498
125,505
125,508
125,509
125,526
125,527
125,589
125,598
125,613
125,690
125,717
125,744
125,762
125,763
125,783
125,794
125,800
125,801
128,477
129,241
129,351
130,815
130,817
130,819
130,820
130,825
130,826
130,827
130,828
130,830
130,831
130,832
130,833
130,834
130,835
130,838
130,839
130,840
130,842
130,855
130,866
136,137
136,140
136,268
136,270
136,271
136,272
136,273
136,316
136,462
136,476
136,478
136,479
136,480
136,489
136,491
136,497
136,500
136,503
136,504
136,512
136,518
136,521
136,525
136,556
136,599
136,691
136,735
136,737
136,738
136,742
136,758
136,771
136,785
137,140
137,235
137,270
137,271
137,272
137,273
137,438
137,462
137,476
137,478
137,479
137,480
137,489
137,491
137,497
137,500
137,503
137,504
137,512
137,518
137,521
137,525
137,556
137,692
137,735
137,738
137,758
137,771
137,782
137,785
137,798
139,149
139,150
139,161
139,186
139,195
139,198
139,231
139,234
139,244
139,246
139,274
139,285
139,291
139,302
139,318
139,367
139,374
139,410
139,453
139,460
139,469
139,494
139,507
139,513
139,514
139,523
139,543
139,544
139,565
139,595
139,600
139,615
139,657
139,660
139,669
139,681
139,705
139,706
139,761
139,779
140,180
140,183
140,235
140,268
140,270
140,271
140,272
140,273
140,293
140,316
140,342
140,358
140,364
140,436
140,438
140,444
140,462
140,476
140,478
140,479
140,480
140,489
140,491
140,497
140,500
140,503
140,504
140,511
140,512
140,518
140,521
140,525
140,530
140,532
140,534
140,556
140,557
140,558
140,559
140,564
140,599
140,691
140,702
140,703
140,714
140,721
140,735
140,737
140,738
140,739
140,742
140,743
140,758
140,767
140,771
140,782
140,785
140,790
142,636
143,151
143,202
143,253
143,254
143,287
143,292
143,300
143,332
143,333
143,348
143,357
143,389
143,390
143,407
143,437
143,481
143,486
143,488
143,492
143,524
143,618
143,621
143,633
143,635
143,656
143,674
143,701
143,720
143,732
143,734
143,740
143,741
143,799
144,145
144,146
144,205
144,217
144,219
144,764
145,146
145,205
145,217
145,219
145,764
146,199
146,205
146,217
146,219
146,764
146,806
148,149
149,150
149,161
149,175
149,186
149,195
149,198
149,200
149,234
149,244
149,246
149,274
149,285
149,291
149,302
149,303
149,318
149,367
149,374
149,406
149,410
149,453
149,460
149,469
149,481
149,494
149,507
149,513
149,514
149,523
149,543
149,544
149,562
149,565
149,595
149,600
149,615
149,621
149,657
149,660
149,669
149,681
149,705
149,706
149,712
149,761
149,779
150,161
150,175
150,186
150,198
150,200
150,229
150,234
150,244
150,246
150,290
150,291
150,302
150,318
150,376
150,394
150,460
150,481
150,494
150,507
150,513
150,514
150,523
150,543
150,544
150,548
150,562
150,565
150,600
150,603
150,606
150,615
150,620
150,621
150,622
150,657
150,660
150,669
150,681
150,712
150,761
150,779
151,202
151,253
151,287
151,292
151,300
151,332
151,333
151,348
151,357
151,389
151,390
151,407
151,437
151,481
151,486
151,488
151,492
151,524
151,618
151,621
151,633
151,635
151,656
151,667
151,674
151,701
151,720
151,732
151,734
151,740
151,741
151,799
153,159
153,160
153,170
153,223
153,592
153,643
154,176
154,185
154,187
154,253
154,257
154,261
154,276
154,320
154,341
154,343
154,347
154,356
154,366
154,373
154,375
154,397
154,412
154,420
154,421
154,422
154,424
154,428
154,430
154,431
154,433
154,435
154,439
154,461
154,464
154,467
154,472
154,490
154,498
154,505
154,508
154,509
154,527
154,589
154,598
154,632
154,690
154,717
154,744
154,762
154,763
154,783
154,794
154,800
155,223
159,160
159,223
159,363
159,592
159,643
160,170
160,274
160,302
160,367
160,374
160,410
160,453
160,469
160,494
160,544
160,593
160,595
160,600
161,175
161,186
161,195
161,198
161,200
161,229
161,234
161,244
161,246
161,260
161,274
161,285
161,290
161,291
161,302
161,303
161,318
161,367
161,374
161,376
161,394
161,406
161,410
161,453
161,460
161,481
161,494
161,507
161,513
161,514
161,523
161,543
161,544
161,546
161,548
161,562
161,565
161,600
161,603
161,606
161,615
161,621
161,622
161,626
161,657
161,660
161,669
161,681
161,705
161,706
161,712
161,752
161,761
161,779
168,628
168,631
168,792
169,189
169,190
169,196
169,201
169,247
169,278
169,279
169,280
169,281
169,282
169,284
169,288
169,290
169,349
169,353
169,355
169,394
169,440
169,550
169,552
169,554
169,561
169,572
169,587
169,588
169,603
169,606
169,627
169,630
169,634
169,642
169,645
169,647
169,655
169,664
169,671
169,675
169,678
169,726
169,727
169,730
169,731
170,274
170,302
170,367
170,374
170,410
170,453
170,469
170,494
170,507
170,544
170,592
170,600
174,198
174,200
174,244
174,284
174,290
174,376
174,394
174,481
174,513
174,514
174,562
174,603
174,606
174,641
174,681
174,692
174,761
175,180
175,183
175,195
175,198
175,200
175,229
175,231
175,234
175,235
175,246
175,291
175,342
175,364
175,376
175,460
175,481
175,513
175,514
175,523
175,530
175,532
175,534
175,543
175,545
175,548
175,557
175,558
175,559
175,562
175,564
175,565
175,615
175,618
175,620
175,621
175,622
175,657
175,669
175,681
175,682
175,702
175,703
175,704
175,705
175,706
175,711
175,712
175,714
175,721
175,736
175,739
175,761
175,779
175,782
176,185
176,187
176,253
176,254
176,257
176,261
176,276
176,285
176,320
176,341
176,343
176,347
176,356
176,365
176,366
176,373
176,375
176,397
176,404
176,412
176,420
176,421
176,422
176,424
176,426
176,428
176,429
176,430
176,431
176,433
176,434
176,435
176,439
176,461
176,464
176,467
176,472
176,490
176,498
176,505
176,508
176,509
176,526
176,527
176,589
176,598
176,613
176,690
176,717
176,744
176,747
176,762
176,763
176,783
176,794
176,796
176,800
176,801
180,183
180,235
180,271
180,273
180,293
180,342
180,358
180,364
180,489
180,504
180,530
180,532
180,534
180,537
180,557
180,558
180,559
180,562
180,564
180,617
180,702
180,703
180,704
180,705
180,711
180,714
180,721
180,735
180,736
180,739
180,782
180,790
180,795
180,832
180,835
180,841
183,235
183,268
183,293
183,342
183,364
183,454
183,530
183,532
183,534
183,537
183,557
183,558
183,559
183,562
183,564
183,702
183,703
183,704
183,705
183,711
183,714
183,721
183,735
183,736
183,738
183,739
183,782
185,187
185,253
185,254
185,257
185,261
185,276
185,285
185,320
185,341
185,343
185,347
185,356
185,365
185,366
185,373
185,375
185,397
185,404
185,412
185,420
185,421
185,422
185,424
185,426
185,428
185,429
185,430
185,431
185,433
185,434
185,435
185,439
185,461
185,464
185,467
185,472
185,490
185,498
185,505
185,508
185,509
185,526
185,527
185,589
185,598
185,613
185,690
185,717
185,744
185,747
185,762
185,763
185,783
185,794
185,796
185,800
185,801
186,195
186,198
186,234
186,244
186,246
186,260
186,274
186,285
186,291
186,302
186,318
186,367
186,374
186,410
186,453
186,460
186,469
186,481
186,494
186,507
186,513
186,514
186,543
186,544
186,565
186,595
186,600
186,615
186,621
186,657
186,660
186,669
186,681
186,705
186,706
186,712
186,761
186,779
187,254
187,257
187,261
187,276
187,285
187,320
187,341
187,343
187,347
187,356
187,365
187,366
187,373
187,375
187,397
187,404
187,412
187,420
187,421
187,422
187,424
187,426
187,428
187,429
187,430
187,431
187,433
187,434
187,435
187,439
187,461
187,464
187,467
187,472
187,490
187,498
187,505
187,508
187,509
187,526
187,527
187,589
187,598
187,613
187,635
187,690
187,717
187,744
187,747
187,762
187,763
187,783
187,794
187,800
187,801
189,190
189,196
189,201
189,247
189,278
189,279
189,280
189,281
189,282
189,349
189,353
189,355
189,440
189,550
189,552
189,554
189,561
189,572
189,588
189,606
189,627
189,630
189,634
189,642
189,645
189,647
189,655
189,664
189,671
189,675
189,678
189,726
189,727
189,730
189,731
190,196
190,201
190,247
190,278
190,279
190,280
190,281
190,282
190,284
190,288
190,290
190,349
190,353
190,355
190,394
190,440
190,550
190,552
190,554
190,561
190,572
190,587
190,588
190,603
190,606
190,627
190,630
190,634
190,642
190,645
190,647
190,655
190,664
190,671
190,675
190,678
190,726
190,727
190,730
190,731
195,234
195,246
195,274
195,285
195,291
195,302
195,318
195,367
195,374
195,426
195,453
195,460
195,469
195,481
195,494
195,507
195,513
195,514
195,543
195,544
195,562
195,565
195,595
195,600
195,615
195,621
195,657
195,660
195,669
195,681
195,705
195,706
195,712
195,779
196,247
196,278
196,279
196,280
196,281
196,282
196,284
196,288
196,349
196,353
196,355
196,440
196,550
196,552
196,554
196,561
196,572
196,587
196,588
196,606
196,627
196,634
196,642
196,645
196,647
196,655
196,664
196,671
196,675
196,678
196,726
196,727
196,730
198,200
198,234
198,244
198,246
198,274
198,284
198,290
198,291
198,302
198,303
198,318
198,367
198,374
198,376
198,394
198,410
198,453
198,460
198,481
198,494
198,507
198,513
198,514
198,523
198,543
198,544
198,546
198,562
198,565
198,600
198,603
198,606
198,615
198,621
198,622
198,657
198,660
198,669
198,681
198,712
198,761
198,779
199,214
199,219
199,405
199,416
199,485
199,487
200,234
200,244
200,246
200,284
200,290
200,291
200,302
200,318
200,376
200,394
200,460
200,481
200,513
200,514
200,543
200,562
200,565
200,599
200,603
200,606
200,615
200,621
200,657
200,669
200,681
200,758
200,761
200,771
200,779
201,279
201,280
201,281
201,282
201,349
201,355
201,401
201,552
201,554
201,561
201,572
201,588
201,642
201,645
201,647
201,664
201,671
201,675
201,678
201,731
202,253
202,287
202,292
202,300
202,332
202,333
202,339
202,348
202,357
202,389
202,390
202,407
202,437
202,481
202,486
202,488
202,492
202,524
202,618
202,621
202,633
202,635
202,656
202,667
202,674
202,701
202,720
202,732
202,734
202,740
202,741
202,799
204,269
204,286
204,293
204,294
204,326
204,334
204,335
204,346
204,376
204,441
204,443
204,445
204,446
204,447
204,448
204,449
204,450
204,454
204,575
204,674
204,682
204,739
204,768
204,829
205,217
205,219
205,764
205,806
214,215
214,485
214,487
217,219
217,764
217,806
219,764
219,806
223,501
223,565
223,779
225,228
225,229
225,231
225,232
225,235
225,334
225,340
225,352
225,548
225,563
225,570
225,573
225,574
225,575
225,576
225,617
225,620
225,622
225,623
225,624
225,625
225,795
225,821
225,822
225,823
228,229
228,231
228,232
228,286
228,293
228,294
228,326
228,334
228,335
228,340
228,346
228,352
228,441
228,443
228,445
228,447
228,448
228,449
228,450
228,454
228,548
228,563
228,570
228,573
228,574
228,575
228,576
228,617
228,620
228,622
228,623
228,624
228,625
228,682
228,768
228,790
228,795
229,231
229,232
229,234
229,244
229,246
229,291
229,334
229,340
229,352
229,376
229,460
229,481
229,513
229,514
229,523
229,543
229,548
229,562
229,563
229,565
229,570
229,573
229,574
229,575
229,576
229,615
229,617
229,620
229,621
229,622
229,623
229,625
229,657
229,681
229,705
229,711
229,712
229,761
229,779
229,795
231,232
231,285
231,334
231,340
231,352
231,376
231,548
231,562
231,563
231,570
231,573
231,574
231,575
231,576
231,617
231,620
231,621
231,622
231,623
231,624
231,625
231,705
231,714
231,795
232,293
232,334
232,340
232,352
232,443
232,548
232,563
232,570
232,573
232,574
232,575
232,576
232,617
232,620
232,622
232,623
232,624
232,625
232,795
232,821
232,823
233,245
233,252
233,567
233,710
233,719
234,244
234,246
234,274
234,285
234,291
234,302
234,303
234,318
234,332
234,365
234,367
234,374
234,376
234,389
234,406
234,426
234,453
234,460
234,481
234,494
234,513
234,514
234,523
234,526
234,543
234,544
234,548
234,562
234,565
234,600
234,615
234,618
234,621
234,622
234,657
234,660
234,669
234,681
234,705
234,706
234,712
234,761
234,779
235,271
235,273
235,293
235,342
235,346
235,364
235,530
235,532
235,534
235,537
235,556
235,557
235,558
235,559
235,562
235,564
235,702
235,703
235,704
235,705
235,711
235,714
235,721
235,735
235,736
235,739
235,782
235,790
235,795
235,832
241,400
244,246
244,290
244,291
244,302
244,318
244,394
244,460
244,481
244,513
244,514
244,543
244,562
244,565
244,600
244,603
244,606
244,615
244,621
244,657
244,669
244,681
244,761
244,779
245,567
246,274
246,285
246,290
246,291
246,302
246,303
246,318
246,367
246,374
246,376
246,394
246,406
246,453
246,457
246,460
246,469
246,481
246,494
246,507
246,513
246,514
246,523
246,543
246,544
246,546
246,548
246,562
246,565
246,600
246,603
246,606
246,615
246,618
246,621
246,622
246,626
246,657
246,660
246,669
246,681
246,705
246,706
246,712
246,716
246,761
246,779
247,278
247,279
247,280
247,281
247,282
247,284
247,290
247,349
247,353
247,355
247,394
247,440
247,550
247,552
247,554
247,561
247,572
247,587
247,588
247,603
247,606
247,627
247,634
247,642
247,645
247,647
247,655
247,664
247,671
247,675
247,678
247,726
247,727
247,730
247,731
250,274
250,367
250,374
250,388
250,410
250,453
250,469
250,494
250,507
252,567
252,710
253,287
253,333
253,348
253,357
253,366
253,420
253,424
253,426
253,433
253,437
253,461
253,472
253,488
253,598
253,621
253,635
253,656
253,701
253,720
253,732
253,763
254,257
254,261
254,276
254,343
254,366
254,373
254,375
254,397
254,420
254,421
254,428
254,429
254,430
254,431
254,435
254,439
254,461
254,464
254,467
254,472
254,488
254,490
254,509
254,527
254,589
254,598
254,613
254,635
254,690
254,744
254,762
254,783
257,261
257,276
257,285
257,320
257,341
257,343
257,347
257,356
257,365
257,366
257,373
257,375
257,397
257,404
257,412
257,420
257,421
257,422
257,424
257,426
257,428
257,429
257,430
257,431
257,433
257,435
257,439
257,461
257,464
257,467
257,472
257,490
257,492
257,498
257,505
257,509
257,526
257,527
257,589
257,598
257,613
257,635
257,690
257,717
257,744
257,762
257,763
257,794
257,800
257,801
261,276
261,320
261,341
261,343
261,347
261,356
261,366
261,373
261,375
261,397
261,404
261,412
261,420
261,421
261,422
261,424
261,428
261,430
261,431
261,433
261,435
261,439
261,461
261,464
261,467
261,472
261,490
261,498
261,505
261,509
261,524
261,526
261,527
261,589
261,598
261,613
261,690
261,717
261,744
261,762
261,763
261,783
261,794
261,800
261,801
268,270
268,271
268,272
268,273
268,316
268,358
268,436
268,438
268,444
268,462
268,476
268,478
268,479
268,480
268,489
268,491
268,496
268,497
268,500
268,503
268,504
268,511
268,512
268,518
268,521
268,525
268,556
268,559
268,599
268,691
268,702
268,703
268,735
268,738
268,739
268,742
268,743
268,758
268,767
268,771
268,782
268,785
268,790
269,286
269,336
269,454
269,810
269,821
269,822
269,828
269,829
269,831
269,832
269,833
269,834
269,835
269,836
269,838
269,840
269,841
270,271
270,272
270,273
270,293
270,358
270,364
270,436
270,438
270,444
270,462
270,476
270,478
270,479
270,480
270,489
270,491
270,496
270,497
270,500
270,503
270,504
270,511
270,512
270,518
270,521
270,525
270,556
270,559
270,599
270,691
270,703
270,735
270,738
270,742
270,743
270,758
270,767
270,771
270,782
270,785
270,798
271,272
271,273
271,293
271,316
271,358
271,364
271,436
271,438
271,444
271,462
271,476
271,478
271,479
271,480
271,489
271,491
271,496
271,497
271,500
271,503
271,504
271,511
271,512
271,518
271,521
271,525
271,530
271,556
271,557
271,559
271,564
271,599
271,641
271,691
271,702
271,703
271,735
271,738
271,742
271,743
271,758
271,767
271,771
271,782
271,785
271,790
271,798
272,273
272,410
272,462
272,476
272,478
272,479
272,480
272,489
272,491
272,497
272,500
272,503
272,504
272,512
272,514
272,518
272,521
272,525
272,556
272,705
272,735
272,738
272,771
272,785
273,316
273,358
273,364
273,436
273,438
273,444
273,462
273,476
273,478
273,479
273,480
273,489
273,491
273,496
273,497
273,500
273,503
273,504
273,511
273,512
273,518
273,521
273,525
273,530
273,556
273,557
273,558
273,559
273,564
273,599
273,691
273,702
273,703
273,735
273,738
273,739
273,742
273,758
273,767
273,771
273,782
273,785
274,285
274,291
274,302
274,310
274,318
274,367
274,374
274,410
274,453
274,460
274,469
274,494
274,507
274,513
274,514
274,543
274,544
274,565
274,592
274,595
274,600
274,615
274,657
274,660
274,669
274,681
274,706
274,712
274,761
274,779
276,320
276,341
276,343
276,347
276,356
276,365
276,366
276,373
276,375
276,397
276,404
276,412
276,420
276,421
276,422
276,424
276,426
276,428
276,429
276,430
276,431
276,433
276,434
276,435
276,439
276,461
276,464
276,467
276,472
276,490
276,498
276,505
276,508
276,509
276,526
276,527
276,589
276,598
276,613
276,690
276,717
276,744
276,747
276,762
276,763
276,783
276,794
276,800
276,801
278,279
278,280
278,281
278,282
278,288
278,349
278,353
278,355
278,394
278,440
278,550
278,552
278,554
278,561
278,572
278,587
278,588
278,603
278,606
278,627
278,634
278,642
278,645
278,647
278,655
278,664
278,671
278,675
278,678
278,726
278,727
278,730
278,731
279,280
279,281
279,282
279,284
279,288
279,290
279,349
279,353
279,355
279,394
279,440
279,550
279,552
279,554
279,561
279,572
279,587
279,588
279,603
279,606
279,627
279,630
279,634
279,642
279,645
279,647
279,655
279,664
279,671
279,675
279,678
279,726
279,727
279,730
279,731
280,281
280,282
280,284
280,288
280,290
280,349
280,353
280,355
280,394
280,440
280,550
280,552
280,554
280,561
280,572
280,587
280,588
280,603
280,606
280,627
280,630
280,634
280,642
280,645
280,647
280,655
280,664
280,671
280,675
280,678
280,726
280,727
280,730
280,731
281,282
281,284
281,288
281,290
281,349
281,353
281,355
281,394
281,440
281,550
281,552
281,554
281,561
281,572
281,587
281,588
281,603
281,606
281,627
281,630
281,634
281,642
281,645
281,647
281,655
281,664
281,671
281,675
281,678
281,726
281,727
281,730
281,731
282,284
282,288
282,290
282,349
282,353
282,355
282,394
282,440
282,550
282,552
282,554
282,561
282,572
282,587
282,588
282,603
282,606
282,627
282,630
282,634
282,642
282,645
282,647
282,655
282,664
282,671
282,675
282,678
282,726
282,727
282,730
282,731
284,290
284,291
284,349
284,394
284,440
284,514
284,550
284,552
284,554
284,561
284,588
284,603
284,606
284,634
284,645
284,657
284,664
284,671
284,675
284,678
284,681
284,730
284,761
285,291
285,318
285,332
285,341
285,365
285,367
285,374
285,375
285,389
285,390
285,397
285,421
285,424
285,426
285,428
285,431
285,435
285,439
285,453
285,460
285,467
285,469
285,472
285,481
285,490
285,494
285,513
285,526
285,527
285,543
285,544
285,565
285,589
285,598
285,600
285,613
285,615
285,618
285,621
285,657
285,660
285,669
285,706
285,712
286,293
286,294
286,326
286,335
286,346
286,358
286,441
286,443
286,444
286,445
286,446
286,447
286,448
286,449
286,450
286,454
286,515
286,545
286,547
286,558
286,682
286,702
286,704
286,736
286,742
286,743
286,765
286,767
286,768
286,790
287,292
287,300
287,332
287,333
287,348
287,357
287,389
287,390
287,407
287,437
287,481
287,486
287,488
287,492
287,524
287,618
287,621
287,633
287,635
287,656
287,667
287,674
287,701
287,720
287,732
287,734
287,740
287,741
287,799
288,349
288,355
288,550
288,552
288,554
288,561
288,587
288,588
288,627
288,634
288,642
288,645
288,647
288,655
288,664
288,671
288,675
288,678
288,726
288,727
288,730
289,651
289,759
290,291
290,302
290,349
290,394
290,440
290,460
290,481
290,513
290,514
290,552
290,554
290,561
290,588
290,603
290,606
290,645
290,657
290,664
290,671
290,675
290,678
290,681
290,761
291,302
291,303
291,318
291,367
291,374
291,376
291,394
291,406
291,410
291,453
291,460
291,481
291,494
291,507
291,513
291,514
291,523
291,543
291,544
291,546
291,548
291,562
291,565
291,600
291,603
291,606
291,615
291,621
291,622
291,657
291,660
291,669
291,681
291,706
291,712
291,761
291,779
292,300
292,333
292,348
292,357
292,389
292,390
292,437
292,486
292,488
292,492
292,524
292,618
292,633
292,635
292,656
292,667
292,701
292,720
292,732
292,740
292,741
292,799
293,294
293,326
293,335
293,346
293,358
293,364
293,376
293,441
293,443
293,444
293,445
293,446
293,447
293,448
293,449
293,450
293,454
293,479
293,480
293,489
293,504
293,512
293,515
293,518
293,520
293,521
293,530
293,534
293,547
293,557
293,558
293,559
293,564
293,574
293,617
293,641
293,682
293,692
293,702
293,703
293,704
293,735
293,739
293,742
293,743
293,767
293,768
293,790
293,795
293,798
293,809
293,829
294,326
294,335
294,346
294,358
294,376
294,441
294,443
294,445
294,446
294,447
294,448
294,449
294,450
294,454
294,545
294,705
294,768
300,332
300,333
300,348
300,357
300,389
300,390
300,407
300,437
300,486
300,488
300,492
300,524
300,618
300,635
300,656
300,667
300,674
300,701
300,720
300,732
300,734
300,740
300,741
300,799
302,318
302,367
302,374
302,394
302,410
302,453
302,460
302,469
302,481
302,494
302,507
302,513
302,514
302,523
302,543
302,544
302,565
302,600
302,603
302,615
302,621
302,657
302,660
302,669
302,681
302,761
302,779
303,367
303,460
303,513
303,514
303,543
303,565
303,615
303,657
303,681
303,712
303,761
303,779
310,337
310,367
310,453
310,469
310,507
311,591
312,513
312,543
313,604
314,523
314,659
316,436
316,438
316,479
316,480
316,491
316,511
316,518
316,691
316,735
316,738
316,742
316,743
316,758
316,767
316,771
316,790
318,367
318,374
318,406
318,410
318,453
318,460
318,481
318,494
318,507
318,513
318,514
318,543
318,544
318,565
318,600
318,606
318,615
318,621
318,626
318,657
318,660
318,669
318,681
318,706
318,712
318,761
318,779
320,341
320,343
320,347
320,356
320,366
320,373
320,375
320,397
320,404
320,412
320,420
320,421
320,422
320,424
320,428
320,429
320,430
320,431
320,433
320,435
320,439
320,461
320,464
320,467
320,472
320,490
320,498
320,505
320,508
320,509
320,526
320,527
320,589
320,598
320,613
320,690
320,717
320,744
320,762
320,763
320,783
320,794
320,800
320,801
326,335
326,346
326,358
326,376
326,441
326,443
326,444
326,445
326,446
326,447
326,448
326,449
326,450
326,454
326,515
326,545
326,641
326,682
326,692
326,768
326,790
326,809
326,829
329,803
329,804
329,805
329,807
329,808
329,811
329,813
329,815
332,333
332,348
332,357
332,389
332,390
332,407
332,437
332,481
332,486
332,488
332,492
332,618
332,621
332,633
332,635
332,656
332,667
332,701
332,720
332,732
332,740
332,741
333,348
333,357
333,389
333,390
333,407
333,437
333,481
333,486
333,488
333,492
333,524
333,618
333,621
333,633
333,635
333,656
333,667
333,674
333,701
333,720
333,732
333,734
333,740
333,741
333,799
334,340
334,352
334,443
334,548
334,563
334,570
334,573
334,574
334,575
334,576
334,617
334,620
334,622
334,623
334,624
334,625
334,704
334,736
334,795
334,821
335,339
335,346
335,358
335,376
335,441
335,443
335,445
335,446
335,447
335,448
335,449
335,450
335,454
335,545
335,547
335,641
335,682
335,692
335,768
335,790
336,547
336,819
336,820
336,821
336,822
336,823
336,824
336,825
336,826
336,827
336,828
336,829
336,830
336,831
336,832
336,833
336,834
336,835
336,836
336,838
336,839
336,840
336,841
336,842
336,843
336,844
336,845
336,846
336,847
336,848
336,849
336,850
336,851
336,852
336,853
336,854
336,855
336,856
336,857
336,859
336,861
336,863
336,864
336,865
336,866
339,348
339,443
339,449
339,450
339,656
339,674
339,732
340,352
340,548
340,563
340,570
340,573
340,574
340,575
340,576
340,617
340,620
340,622
340,623
340,624
340,625
340,795
341,343
341,347
341,356
341,365
341,366
341,373
341,375
341,397
341,404
341,412
341,420
341,421
341,422
341,424
341,426
341,428
341,429
341,430
341,431
341,433
341,435
341,439
341,461
341,464
341,467
341,472
341,490
341,498
341,505
341,508
341,509
341,526
341,527
341,589
341,598
341,613
341,633
341,690
341,717
341,744
341,762
341,763
341,783
341,794
341,796
341,800
341,801
342,364
342,530
342,532
342,534
342,537
342,556
342,557
342,558
342,559
342,562
342,564
342,702
342,703
342,704
342,705
342,711
342,714
342,721
342,735
342,736
342,739
342,782
343,347
343,356
343,365
343,366
343,373
343,375
343,397
343,404
343,412
343,420
343,421
343,422
343,424
343,426
343,428
343,429
343,430
343,431
343,433
343,434
343,435
343,439
343,461
343,464
343,467
343,472
343,490
343,498
343,505
343,508
343,509
343,526
343,527
343,589
343,598
343,613
343,690
343,717
343,744
343,762
343,763
343,783
343,794
343,800
343,801
344,387
344,391
346,358
346,441
346,443
346,445
346,446
346,447
346,448
346,449
346,450
346,454
346,515
346,530
346,545
346,547
346,557
346,558
346,559
346,641
346,682
346,692
346,702
346,703
346,704
346,736
346,739
346,742
346,765
346,767
346,768
346,790
347,356
347,366
347,373
347,375
347,397
347,404
347,412
347,420
347,421
347,422
347,424
347,428
347,429
347,430
347,431
347,433
347,435
347,439
347,461
347,464
347,467
347,472
347,490
347,498
347,505
347,508
347,509
347,526
347,527
347,589
347,598
347,613
347,690
347,717
347,744
347,762
347,763
347,783
347,794
347,796
347,800
347,801
348,357
348,389
348,390
348,407
348,437
348,481
348,486
348,488
348,492
348,524
348,618
348,621
348,633
348,635
348,656
348,667
348,674
348,701
348,720
348,732
348,734
348,740
348,741
348,799
349,353
349,355
349,394
349,440
349,550
349,552
349,554
349,561
349,572
349,587
349,588
349,603
349,606
349,627
349,630
349,634
349,642
349,645
349,647
349,655
349,664
349,671
349,675
349,678
349,726
349,727
349,730
349,731
352,548
352,563
352,570
352,573
352,574
352,575
352,576
352,617
352,620
352,622
352,623
352,624
352,625
352,795
352,821
352,822
352,823
353,355
353,440
353,550
353,552
353,554
353,561
353,572
353,588
353,627
353,634
353,642
353,645
353,647
353,655
353,664
353,671
353,675
353,678
353,726
353,727
353,730
353,731
355,394
355,440
355,550
355,552
355,554
355,561
355,572
355,587
355,588
355,606
355,627
355,634
355,642
355,645
355,647
355,655
355,664
355,671
355,675
355,678
355,726
355,727
355,730
355,731
356,366
356,373
356,375
356,397
356,404
356,412
356,420
356,421
356,422
356,424
356,426
356,428
356,429
356,430
356,431
356,433
356,434
356,435
356,439
356,461
356,464
356,467
356,472
356,490
356,498
356,505
356,508
356,509
356,526
356,527
356,589
356,598
356,613
356,690
356,717
356,744
356,762
356,763
356,777
356,783
356,794
356,796
356,800
356,801
357,389
357,390
357,407
357,437
357,481
357,486
357,488
357,492
357,524
357,618
357,621
357,633
357,635
357,656
357,667
357,674
357,701
357,720
357,732
357,734
357,740
357,741
357,799
358,441
358,443
358,444
358,445
358,446
358,447
358,448
358,449
358,450
358,454
358,476
358,479
358,480
358,489
358,491
358,497
358,500
358,503
358,504
358,518
358,520
358,521
358,525
358,530
358,547
358,558
358,559
358,691
358,702
358,703
358,735
358,742
358,768
358,785
358,790
358,798
358,809
358,810
358,832
358,835
359,696
359,697
361,493
363,707
364,489
364,504
364,530
364,532
364,534
364,537
364,547
364,557
364,558
364,559
364,562
364,564
364,702
364,703
364,704
364,705
364,711
364,714
364,721
364,735
364,736
364,738
364,739
364,767
364,782
364,785
365,366
365,375
365,397
365,412
365,420
365,421
365,428
365,431
365,435
365,439
365,461
365,464
365,467
365,472
365,490
365,505
365,509
365,526
365,527
365,589
365,598
365,613
365,690
365,763
365,783
366,373
366,375
366,397
366,404
366,412
366,420
366,421
366,422
366,424
366,426
366,428
366,429
366,430
366,431
366,433
366,434
366,435
366,439
366,461
366,464
366,467
366,472
366,490
366,498
366,505
366,508
366,509
366,526
366,527
366,589
366,598
366,613
366,690
366,717
366,744
366,747
366,762
366,763
366,783
366,794
366,800
366,801
367,374
367,395
367,410
367,453
367,460
367,469
367,494
367,507
367,513
367,514
367,543
367,544
367,565
367,595
367,600
367,615
367,657
367,660
367,669
367,681
367,706
367,712
367,761
367,779
368,379
368,383
369,370
371,381
373,375
373,397
373,404
373,412
373,420
373,421
373,422
373,424
373,426
373,428
373,429
373,430
373,431
373,433
373,435
373,439
373,461
373,464
373,467
373,472
373,490
373,498
373,505
373,508
373,509
373,526
373,527
373,589
373,598
373,613
373,690
373,717
373,744
373,747
373,762
373,763
373,783
373,794
373,800
374,410
374,453
374,460
374,469
374,494
374,507
374,513
374,514
374,543
374,544
374,565
374,595
374,600
374,615
374,657
374,660
374,669
374,681
374,706
374,761
374,779
375,397
375,404
375,412
375,420
375,421
375,422
375,424
375,426
375,428
375,429
375,430
375,431
375,433
375,435
375,439
375,461
375,464
375,467
375,472
375,490
375,498
375,505
375,508
375,509
375,526
375,527
375,589
375,598
375,613
375,667
375,690
375,717
375,744
375,762
375,763
375,783
375,794
375,800
376,445
376,446
376,447
376,448
376,450
376,460
376,481
376,513
376,514
376,523
376,545
376,548
376,562
376,565
376,615
376,620
376,621
376,622
376,657
376,674
376,682
376,705
376,706
376,711
376,712
376,736
376,761
376,768
376,779
379,381
379,382
379,383
380,759
381,382
381,383
382,383
385,395
385,494
385,600
387,774
388,410
388,469
388,507
389,390
389,407
389,437
389,481
389,486
389,488
389,492
389,524
389,618
389,621
389,633
389,635
389,656
389,667
389,674
389,701
389,720
389,732
389,734
389,740
389,741
390,407
390,437
390,481
390,486
390,488
390,492
390,524
390,618
390,621
390,633
390,635
390,656
390,667
390,674
390,701
390,720
390,732
390,734
390,740
390,741
394,440
394,460
394,481
394,513
394,514
394,523
394,543
394,550
394,552
394,554
394,561
394,565
394,572
394,588
394,603
394,606
394,615
394,621
394,627
394,634
394,642
394,645
394,647
394,655
394,657
394,664
394,671
394,675
394,678
394,681
394,726
394,727
394,730
394,761
397,404
397,412
397,420
397,421
397,422
397,424
397,426
397,428
397,429
397,430
397,431
397,433
397,435
397,439
397,461
397,464
397,467
397,472
397,490
397,498
397,505
397,508
397,509
397,526
397,527
397,589
397,598
397,613
397,635
397,690
397,717
397,744
397,747
397,762
397,763
397,783
397,794
397,796
397,800
397,801
403,405
403,416
404,420
404,422
404,424
404,428
404,430
404,431
404,439
404,461
404,464
404,467
404,472
404,490
404,498
404,505
404,508
404,509
404,527
404,589
404,598
404,690
404,717
404,744
404,762
404,763
404,783
404,794
404,800
404,801
405,415
405,416
405,417
405,485
406,460
406,513
406,514
406,543
406,565
406,615
406,657
406,660
407,437
407,481
407,486
407,488
407,492
407,524
407,618
407,621
407,633
407,635
407,656
407,667
407,701
407,720
407,732
407,734
407,740
407,741
407,799
410,453
410,460
410,469
410,494
410,507
410,513
410,514
410,544
410,565
410,600
410,615
410,657
410,660
410,669
410,681
410,761
410,779
412,420
412,421
412,422
412,424
412,426
412,428
412,430
412,431
412,433
412,435
412,439
412,461
412,464
412,467
412,472
412,490
412,505
412,508
412,509
412,526
412,527
412,589
412,598
412,613
412,690
412,717
412,744
412,762
412,763
412,794
412,800
412,801
415,416
415,417
416,417
420,421
420,422
420,424
420,426
420,428
420,429
420,430
420,431
420,433
420,434
420,435
420,439
420,461
420,464
420,467
420,472
420,490
420,498
420,505
420,508
420,509
420,526
420,527
420,589
420,598
420,613
420,690
420,717
420,744
420,747
420,762
420,763
420,783
420,794
420,800
420,801
421,422
421,424
421,426
421,428
421,429
421,430
421,431
421,433
421,434
421,435
421,439
421,461
421,464
421,467
421,472
421,490
421,498
421,505
421,508
421,509
421,526
421,527
421,589
421,598
421,613
421,690
421,717
421,744
421,747
421,762
421,763
421,794
421,800
422,424
422,428
422,429
422,430
422,431
422,433
422,434
422,435
422,439
422,461
422,464
422,467
422,472
422,490
422,498
422,505
422,509
422,527
422,589
422,598
422,613
422,690
422,717
422,744
422,762
422,763
422,783
422,794
422,800
422,801
424,426
424,428
424,430
424,431
424,433
424,434
424,435
424,439
424,461
424,464
424,467
424,472
424,490
424,498
424,505
424,508
424,509
424,526
424,527
424,589
424,598
424,613
424,690
424,717
424,744
424,747
424,762
424,763
424,794
426,428
426,429
426,431
426,433
426,435
426,439
426,461
426,464
426,467
426,472
426,490
426,526
426,527
426,589
426,598
426,613
426,690
426,744
426,747
426,762
426,763
426,794
428,429
428,430
428,431
428,433
428,434
428,435
428,439
428,461
428,464
428,467
428,472
428,490
428,498
428,505
428,508
428,509
428,526
428,527
428,589
428,598
428,613
428,690
428,717
428,744
428,762
428,763
428,783
428,794
428,800
428,801
429,430
429,431
429,433
429,435
429,439
429,461
429,464
429,467
429,472
429,490
429,505
429,509
429,526
429,527
429,589
429,598
429,613
429,667
429,690
429,717
429,744
429,762
429,763
429,783
429,794
430,431
430,433
430,435
430,439
430,461
430,464
430,467
430,472
430,490
430,498
430,505
430,508
430,509
430,526
430,527
430,589
430,598
430,613
430,690
430,717
430,744
430,762
430,763
430,783
430,794
431,433
431,434
431,435
431,439
431,461
431,464
431,467
431,472
431,490
431,498
431,505
431,508
431,509
431,526
431,527
431,589
431,598
431,613
431,690
431,717
431,744
431,747
431,762
431,763
431,783
431,794
431,800
431,801
433,435
433,439
433,461
433,464
433,467
433,472
433,490
433,498
433,505
433,508
433,509
433,526
433,527
433,589
433,598
433,613
433,690
433,717
433,744
433,762
433,763
433,783
433,794
433,800
434,435
434,439
434,461
434,464
434,467
434,472
434,490
434,589
434,598
434,717
434,763
435,439
435,461
435,464
435,467
435,472
435,490
435,498
435,505
435,508
435,509
435,526
435,527
435,589
435,598
435,613
435,690
435,717
435,744
435,747
435,762
435,763
435,794
435,800
436,438
436,496
436,500
436,511
436,525
436,599
436,691
436,735
436,758
437,481
437,486
437,488
437,492
437,524
437,618
437,621
437,633
437,635
437,656
437,667
437,674
437,701
437,720
437,732
437,734
437,740
437,741
437,799
438,444
438,462
438,479
438,489
438,491
438,496
438,497
438,500
438,503
438,504
438,511
438,512
438,518
438,521
438,556
438,599
438,691
438,735
438,738
438,758
438,790
439,461
439,464
439,467
439,472
439,490
439,498
439,505
439,508
439,509
439,526
439,527
439,589
439,598
439,613
439,635
439,690
439,717
439,744
439,747
439,762
439,763
439,783
439,794
439,800
439,801
440,550
440,552
440,554
440,561
440,572
440,587
440,588
440,603
440,606
440,627
440,634
440,642
440,645
440,647
440,655
440,664
440,671
440,675
440,678
440,726
440,727
440,730
440,731
441,443
441,445
441,446
441,447
441,448
441,449
441,450
441,454
441,515
441,545
441,547
441,682
441,736
441,742
441,743
441,765
441,767
441,768
441,790
443,444
443,445
443,446
443,447
443,448
443,449
443,450
443,454
443,515
443,641
443,674
443,682
443,692
443,768
443,829
444,445
444,446
444,447
444,448
444,450
444,454
444,476
444,478
444,479
444,480
444,489
444,491
444,497
444,500
444,503
444,504
444,512
444,518
444,521
444,525
444,545
444,547
444,556
444,735
444,782
444,785
444,798
444,810
445,446
445,447
445,448
445,449
445,450
445,454
445,512
445,515
445,520
445,545
445,547
445,641
445,682
445,692
445,739
445,742
445,768
445,790
446,447
446,448
446,449
446,450
446,454
446,674
446,682
446,692
446,768
447,448
447,449
447,450
447,454
447,515
447,520
447,545
447,547
447,641
447,682
447,692
447,768
447,790
447,829
448,449
448,450
448,454
448,641
448,682
448,692
448,768
448,790
448,829
449,450
449,454
449,515
449,545
449,547
449,682
449,768
449,809
449,829
450,454
450,545
450,547
450,641
450,682
450,692
450,768
450,790
450,829
453,460
453,469
453,494
453,507
453,513
453,514
453,543
453,544
453,565
453,595
453,600
453,615
453,657
453,660
453,669
453,681
453,706
453,712
453,761
453,779
454,515
454,545
454,547
454,558
454,559
454,682
454,702
454,704
454,736
454,739
454,742
454,767
454,768
454,790
454,810
458,585
460,469
460,481
460,494
460,507
460,513
460,514
460,523
460,543
460,544
460,546
460,548
460,562
460,565
460,600
460,603
460,615
460,621
460,622
460,657
460,660
460,662
460,669
460,681
460,705
460,706
460,712
460,761
460,779
461,464
461,467
461,472
461,490
461,498
461,505
461,508
461,509
461,526
461,527
461,589
461,598
461,613
461,667
461,690
461,717
461,744
461,747
461,762
461,763
461,783
461,794
461,800
461,801
462,476
462,478
462,479
462,480
462,489
462,491
462,497
462,500
462,503
462,504
462,512
462,518
462,521
462,525
462,556
462,691
462,735
462,738
462,758
462,767
462,771
462,782
462,785
464,467
464,472
464,490
464,498
464,505
464,508
464,509
464,526
464,527
464,589
464,598
464,613
464,690
464,717
464,744
464,747
464,762
464,763
464,783
464,794
464,800
464,801
467,472
467,490
467,498
467,505
467,508
467,509
467,526
467,527
467,589
467,598
467,613
467,690
467,717
467,744
467,747
467,762
467,763
467,783
467,794
467,800
467,801
468,676
469,494
469,507
469,513
469,543
469,544
469,565
469,600
469,660
469,707
472,490
472,498
472,505
472,508
472,509
472,526
472,527
472,589
472,598
472,613
472,690
472,717
472,744
472,747
472,762
472,763
472,783
472,794
472,796
472,800
474,484
476,478
476,479
476,480
476,489
476,491
476,497
476,500
476,503
476,504
476,511
476,512
476,518
476,521
476,525
476,556
476,641
476,691
476,735
476,738
476,742
476,743
476,758
476,767
476,771
476,785
478,479
478,480
478,489
478,491
478,497
478,500
478,503
478,504
478,512
478,518
478,521
478,525
478,556
478,691
478,735
478,738
478,742
478,743
478,758
478,767
478,771
478,785
478,790
479,480
479,489
479,491
479,496
479,497
479,500
479,503
479,504
479,511
479,512
479,518
479,521
479,525
479,556
479,559
479,599
479,691
479,702
479,703
479,735
479,738
479,739
479,742
479,743
479,758
479,767
479,771
479,782
479,785
479,790
479,810
480,489
480,491
480,496
480,497
480,500
480,503
480,504
480,511
480,512
480,518
480,521
480,525
480,556
480,599
480,691
480,735
480,738
480,742
480,743
480,758
480,767
480,771
480,782
480,785
481,486
481,488
481,492
481,513
481,514
481,523
481,543
481,544
481,548
481,562
481,565
481,600
481,603
481,615
481,618
481,620
481,621
481,622
481,633
481,635
481,656
481,657
481,660
481,662
481,667
481,669
481,674
481,681
481,701
481,705
481,706
481,711
481,712
481,720
481,732
481,734
481,740
481,741
481,761
481,779
485,487
486,488
486,492
486,524
486,618
486,633
486,635
486,656
486,667
486,701
486,720
486,732
486,734
486,740
486,741
486,799
486,824
487,764
488,492
488,524
488,618
488,621
488,633
488,635
488,656
488,667
488,674
488,701
488,720
488,732
488,734
488,740
488,741
488,799
488,824
489,491
489,496
489,497
489,500
489,503
489,504
489,511
489,512
489,518
489,521
489,525
489,530
489,547
489,556
489,557
489,559
489,564
489,599
489,691
489,702
489,703
489,735
489,738
489,742
489,743
489,758
489,767
489,771
489,782
489,785
489,790
489,798
489,810
490,498
490,505
490,508
490,509
490,526
490,527
490,589
490,598
490,613
490,690
490,717
490,744
490,747
490,762
490,763
490,783
490,794
490,800
490,801
491,496
491,497
491,500
491,503
491,504
491,511
491,512
491,518
491,521
491,525
491,556
491,599
491,641
491,691
491,735
491,738
491,742
491,743
491,758
491,767
491,771
491,782
491,785
491,790
492,524
492,527
492,618
492,633
492,635
492,656
492,667
492,674
492,701
492,720
492,732
492,734
492,740
492,741
492,799
492,824
493,495
494,507
494,513
494,514
494,543
494,544
494,565
494,595
494,600
494,615
494,657
494,660
494,669
494,681
494,706
494,712
494,761
494,779
496,497
496,500
496,503
496,504
496,511
496,518
496,521
496,525
496,735
496,785
497,500
497,503
497,504
497,511
497,512
497,518
497,521
497,525
497,556
497,559
497,599
497,691
497,735
497,738
497,742
497,758
497,767
497,771
497,782
497,785
498,505
498,508
498,509
498,527
498,589
498,598
498,613
498,690
498,717
498,744
498,762
498,763
498,783
498,794
498,800
498,801
500,503
500,504
500,511
500,512
500,518
500,521
500,525
500,556
500,599
500,691
500,735
500,737
500,738
500,742
500,758
500,767
500,771
500,782
500,785
500,810
501,626
503,504
503,511
503,512
503,518
503,521
503,525
503,556
503,559
503,599
503,691
503,702
503,735
503,738
503,742
503,758
503,767
503,771
503,782
503,785
503,790
504,511
504,512
504,518
504,521
504,525
504,530
504,556
504,557
504,558
504,559
504,564
504,599
504,691
504,702
504,703
504,735
504,738
504,742
504,743
504,758
504,767
504,771
504,782
504,785
504,790
504,798
504,810
505,508
505,509
505,527
505,589
505,598
505,613
505,690
505,717
505,744
505,762
505,763
505,783
505,794
505,800
505,801
507,513
507,514
507,543
507,544
507,565
507,600
507,615
507,657
507,660
507,669
507,681
507,761
508,509
508,527
508,589
508,598
508,690
508,717
508,744
508,762
508,763
508,783
508,794
508,800
509,526
509,527
509,589
509,598
509,613
509,690
509,717
509,744
509,762
509,763
509,783
509,794
509,800
509,801
511,512
511,518
511,521
511,525
511,556
511,735
511,742
511,767
511,785
512,518
512,521
512,525
512,556
512,691
512,735
512,738
512,742
512,758
512,767
512,771
512,782
512,785
512,790
513,514
513,523
513,543
513,544
513,546
513,548
513,562
513,565
513,600
513,603
513,606
513,615
513,621
513,622
513,626
513,657
513,660
513,662
513,669
513,681
513,705
513,706
513,712
513,761
513,779
514,523
514,543
514,544
514,548
514,562
514,565
514,600
514,603
514,606
514,615
514,621
514,622
514,626
514,657
514,660
514,669
514,681
514,705
514,706
514,712
514,761
514,779
515,768
518,521
518,525
518,530
518,556
518,557
518,559
518,564
518,599
518,691
518,702
518,703
518,735
518,738
518,742
518,743
518,758
518,767
518,771
518,782
518,785
518,790
518,798
518,810
520,558
520,682
520,739
520,795
520,809
521,525
521,556
521,559
521,691
521,703
521,735
521,738
521,742
521,758
521,767
521,771
521,782
521,785
523,543
523,548
523,562
523,565
523,615
523,621
523,622
523,657
523,659
523,660
523,669
523,681
523,705
523,712
523,761
523,779
524,633
524,635
524,656
524,667
524,701
524,720
524,732
524,740
524,741
524,799
525,556
525,599
525,691
525,735
525,738
525,742
525,743
525,758
525,767
525,771
525,782
525,785
526,527
526,589
526,598
526,613
526,633
526,667
526,690
526,717
526,744
526,762
526,763
526,783
526,794
527,589
527,598
527,613
527,690
527,717
527,744
527,762
527,763
527,777
527,783
527,794
527,800
527,801
528,591
530,532
530,534
530,537
530,557
530,558
530,559
530,562
530,564
530,617
530,702
530,703
530,704
530,705
530,711
530,714
530,721
530,735
530,736
530,738
530,739
530,782
530,785
530,790
530,832
531,756
532,534
532,537
532,557
532,558
532,559
532,562
532,564
532,702
532,703
532,704
532,705
532,711
532,714
532,721
532,735
532,736
532,738
532,739
532,782
534,537
534,557
534,558
534,559
534,562
534,564
534,702
534,703
534,704
534,705
534,711
534,714
534,721
534,735
534,736
534,739
534,782
534,832
537,557
537,558
537,559
537,564
537,702
537,703
537,704
537,705
537,711
537,713
537,714
537,721
537,736
537,739
537,782
537,831
543,544
543,548
543,562
543,565
543,595
543,600
543,615
543,618
543,621
543,622
543,657
543,660
543,669
543,681
543,705
543,706
543,712
543,761
543,779
544,565
544,595
544,600
544,615
544,657
544,660
544,669
544,681
544,706
544,712
544,761
544,779
545,547
545,562
545,620
545,682
545,705
545,706
545,768
546,565
546,615
546,657
546,681
546,761
546,779
547,558
547,559
547,703
547,767
547,790
547,809
547,810
547,821
547,822
547,823
547,832
547,835
547,836
547,841
548,562
548,563
548,565
548,570
548,573
548,574
548,575
548,576
548,615
548,617
548,620
548,621
548,622
548,623
548,625
548,657
548,681
548,705
548,711
548,712
548,761
548,779
548,795
550,552
550,554
550,561
550,572
550,587
550,588
550,606
550,627
550,630
550,634
550,642
550,645
550,647
550,655
550,664
550,671
550,675
550,678
550,726
550,727
550,730
550,731
552,554
552,561
552,572
552,587
552,588
552,603
552,606
552,627
552,630
552,634
552,642
552,645
552,647
552,655
552,664
552,671
552,675
552,678
552,726
552,727
552,730
552,731
554,561
554,572
554,587
554,588
554,603
554,606
554,627
554,630
554,634
554,642
554,645
554,647
554,655
554,664
554,671
554,675
554,678
554,726
554,727
554,730
554,731
556,735
556,738
556,742
556,743
556,758
556,767
556,782
556,785
557,558
557,559
557,562
557,564
557,570
557,574
557,617
557,623
557,702
557,703
557,704
557,705
557,711
557,714
557,721
557,735
557,736
557,738
557,739
557,782
557,790
557,795
557,822
557,832
558,559
558,562
558,564
558,617
558,623
558,702
558,703
558,704
558,705
558,711
558,714
558,721
558,735
558,736
558,739
558,767
558,782
558,790
558,795
558,832
559,562
559,564
559,570
559,574
559,617
559,623
559,702
559,703
559,704
559,705
559,711
559,714
559,721
559,735
559,736
559,739
559,767
559,782
559,785
559,790
559,795
559,798
559,832
559,841
561,572
561,587
561,588
561,603
561,606
561,627
561,630
561,634
561,642
561,645
561,647
561,655
561,664
561,671
561,675
561,678
561,726
561,727
561,730
561,731
562,564
562,565
562,615
562,618
562,620
562,621
562,622
562,657
562,669
562,681
562,702
562,703
562,704
562,705
562,706
562,711
562,712
562,714
562,721
562,736
562,739
562,761
562,779
563,570
563,573
563,574
563,575
563,576
563,617
563,620
563,622
563,623
563,624
563,625
563,705
563,795
564,702
564,703
564,704
564,705
564,711
564,714
564,721
564,735
564,736
564,738
564,739
564,782
564,832
565,600
565,615
565,621
565,622
565,657
565,660
565,662
565,669
565,681
565,705
565,706
565,712
565,761
565,779
567,710
568,787
570,573
570,574
570,575
570,576
570,617
570,620
570,622
570,623
570,624
570,625
570,702
570,703
570,795
570,821
570,822
570,823
572,587
572,588
572,627
572,630
572,634
572,642
572,645
572,647
572,655
572,664
572,671
572,675
572,678
572,726
572,727
572,730
572,731
573,574
573,575
573,617
573,620
573,623
573,624
573,625
573,795
573,821
573,823
574,575
574,576
574,617
574,620
574,622
574,623
574,624
574,625
574,702
574,703
574,704
574,795
574,821
574,822
574,823
575,576
575,617
575,620
575,622
575,623
575,624
575,625
575,795
575,821
575,822
575,823
576,617
576,620
576,622
576,623
576,625
576,795
581,591
587,588
587,627
587,634
587,642
587,645
587,647
587,655
587,664
587,671
587,675
587,678
587,726
587,727
587,730
588,603
588,606
588,627
588,630
588,634
588,642
588,645
588,647
588,655
588,664
588,671
588,675
588,678
588,726
588,727
588,730
588,731
589,598
589,613
589,690
589,717
589,744
589,747
589,762
589,763
589,783
589,794
589,800
589,801
591,776
592,600
592,707
595,600
595,660
598,613
598,633
598,690
598,717
598,744
598,762
598,763
598,783
598,794
598,800
598,801
599,735
599,742
599,758
599,771
599,790
600,615
600,621
600,657
600,660
600,669
600,681
600,706
600,712
600,716
600,761
600,779
602,769
603,606
603,615
603,627
603,645
603,655
603,657
603,664
603,669
603,671
603,675
603,678
603,681
603,726
603,727
603,730
603,761
606,627
606,634
606,642
606,645
606,647
606,655
606,657
606,664
606,671
606,675
606,678
606,681
606,726
606,761
613,633
613,690
613,717
613,734
613,744
613,762
613,763
613,794
615,618
615,621
615,622
615,657
615,660
615,669
615,681
615,706
615,712
615,761
615,779
617,620
617,622
617,623
617,624
617,625
617,702
617,703
617,704
617,795
617,821
617,822
617,823
618,620
618,621
618,633
618,635
618,656
618,667
618,674
618,701
618,705
618,712
618,720
618,732
618,734
618,740
618,741
620,621
620,622
620,623
620,625
620,665
620,681
620,705
620,711
620,795
621,622
621,633
621,635
621,656
621,657
621,660
621,667
621,669
621,674
621,681
621,701
621,705
621,706
621,712
621,720
621,732
621,734
621,740
621,741
621,761
621,779
622,623
622,625
622,657
622,681
622,705
622,711
622,712
622,761
622,779
622,795
623,624
623,625
623,702
623,703
623,704
623,795
623,821
623,822
623,823
624,625
624,795
624,821
624,822
624,823
625,702
625,703
625,795
625,821
625,822
625,823
626,657
627,634
627,642
627,645
627,647
627,655
627,664
627,671
627,675
627,678
627,726
627,727
627,730
627,731
628,631
630,634
630,642
630,645
630,664
630,671
630,675
630,678
630,722
630,731
631,690
631,762
633,635
633,656
633,667
633,674
633,701
633,720
633,732
633,734
633,740
633,741
634,642
634,645
634,647
634,655
634,664
634,671
634,675
634,678
634,726
634,727
634,730
634,731
635,656
635,667
635,674
635,701
635,720
635,732
635,734
635,740
635,741
635,799
641,692
641,735
641,771
641,798
641,809
642,645
642,647
642,655
642,664
642,671
642,675
642,678
642,726
642,727
642,730
642,731
645,647
645,655
645,664
645,671
645,675
645,678
645,726
645,727
645,730
645,731
647,655
647,664
647,671
647,675
647,678
647,726
647,727
647,730
647,731
655,664
655,671
655,675
655,678
655,726
655,727
655,730
655,731
656,667
656,674
656,701
656,720
656,732
656,734
656,740
656,741
656,799
657,660
657,662
657,669
657,681
657,706
657,712
657,716
657,761
657,779
660,669
660,681
660,705
660,706
660,712
660,716
660,761
660,779
664,671
664,675
664,678
664,726
664,727
664,730
664,731
667,701
667,720
667,732
667,734
667,740
667,800
669,681
669,706
669,712
669,716
669,761
669,779
671,675
671,678
671,726
671,727
671,730
671,731
674,701
674,732
674,740
674,741
675,678
675,726
675,727
675,730
675,731
678,726
678,727
678,730
678,731
681,712
681,761
681,779
682,705
682,736
682,790
682,798
683,705
683,721
690,717
690,744
690,762
690,763
690,794
690,800
691,735
691,742
691,758
691,767
691,785
692,771
692,798
692,809
696,697
699,755
701,720
701,732
701,734
701,740
701,741
701,799
702,703
702,704
702,705
702,711
702,714
702,721
702,735
702,736
702,739
702,767
702,782
702,785
702,790
702,795
702,832
702,841
703,704
703,705
703,711
703,714
703,721
703,735
703,736
703,739
703,782
703,785
703,790
703,795
703,832
703,841
704,705
704,711
704,714
704,721
704,735
704,736
704,739
704,782
704,790
704,795
705,706
705,711
705,712
705,714
705,721
705,736
705,738
705,739
705,768
705,779
705,782
706,711
706,712
706,736
706,779
709,735
709,782
711,712
711,714
711,721
711,736
711,739
712,761
712,779
714,721
714,735
714,736
714,738
714,739
714,782
716,755
717,744
717,747
717,762
717,763
717,794
717,800
720,732
720,734
720,740
720,741
720,799
721,735
721,736
721,739
721,782
721,798
726,727
726,730
726,731
727,730
727,731
732,734
732,740
732,741
732,799
733,780
734,740
734,741
735,737
735,738
735,739
735,742
735,743
735,758
735,767
735,771
735,782
735,785
735,790
736,739
736,782
736,790
736,795
737,738
737,782
738,742
738,743
738,767
738,771
738,782
738,785
739,782
740,741
740,799
741,799
742,743
742,758
742,767
742,771
742,790
742,798
743,758
743,767
743,771
743,790
744,747
744,762
744,763
744,783
744,794
744,800
744,801
755,770
758,767
758,771
758,785
758,790
761,779
762,763
762,783
762,794
762,800
762,801
763,783
763,794
763,800
763,801
767,771
767,790
767,798
768,795
771,790
777,778
777,796
778,796
782,785
782,790
782,835
783,794
783,800
783,801
785,790
790,795
790,798
794,796
794,800
794,801
795,821
795,822
800,801
802,803
802,804
803,804
803,805
803,807
804,805
804,807
804,808
805,807
805,808
805,811
805,817
806,809
807,808
807,813
807,815
808,811
808,812
808,813
808,815
808,816
808,817
808,819
808,825
809,810
809,831
809,832
809,835
809,836
809,857
810,811
810,822
810,829
810,831
810,832
810,835
810,836
811,812
811,813
811,814
811,815
811,816
811,817
811,819
811,820
811,821
811,823
811,825
811,826
811,827
811,828
811,830
811,832
811,833
811,834
811,835
811,838
811,839
811,840
811,842
811,845
811,850
812,813
812,814
812,815
812,816
812,817
812,819
812,821
812,825
812,826
812,827
812,828
812,830
812,833
812,837
813,814
813,815
813,816
813,817
813,819
813,820
813,825
813,826
813,827
813,828
813,830
813,831
813,833
813,834
813,838
813,839
813,840
814,815
814,816
814,817
814,819
814,828
815,816
815,817
815,819
815,820
815,821
815,823
815,824
815,825
815,826
815,827
815,828
815,830
815,831
815,832
815,833
815,834
815,835
815,837
815,838
815,839
815,840
815,841
815,842
815,843
815,844
815,845
815,846
815,847
815,849
815,850
815,853
815,854
816,817
816,819
816,820
816,821
816,823
816,824
816,825
816,826
816,827
816,828
816,830
816,831
816,833
816,834
816,837
816,838
816,839
816,840
816,842
816,843
816,844
816,845
816,846
816,848
816,849
817,819
817,820
817,824
817,825
817,826
817,827
817,828
817,830
817,831
817,833
817,834
817,837
817,838
817,839
817,840
817,843
817,844
818,851
818,854
818,855
818,858
818,859
818,861
818,862
818,863
818,864
818,866
818,867
818,868
818,869
818,870
818,871
818,872
819,820
819,821
819,822
819,823
819,824
819,825
819,826
819,827
819,828
819,830
819,831
819,832
819,833
819,834
819,835
819,836
819,837
819,838
819,839
819,840
819,842
819,843
819,844
819,845
819,846
819,847
819,848
819,849
819,850
819,851
819,852
819,853
819,854
819,855
819,856
819,863
820,822
820,823
820,824
820,825
820,826
820,827
820,828
820,830
820,831
820,832
820,833
820,834
820,835
820,836
820,837
820,838
820,839
820,840
820,841
820,842
820,843
820,844
820,845
820,846
820,847
820,848
820,849
820,850
820,853
820,854
820,855
820,856
820,861
820,863
820,864
821,822
821,823
821,824
821,825
821,826
821,827
821,828
821,829
821,830
821,831
821,832
821,833
821,834
821,835
821,836
821,837
821,839
821,840
821,841
821,842
821,844
821,845
821,848
821,849
821,850
821,853
822,823
822,824
822,827
822,828
822,829
822,831
822,832
822,834
822,835
822,838
822,840
822,841
823,824
823,825
823,826
823,827
823,828
823,829
823,830
823,831
823,832
823,833
823,834
823,835
823,838
823,839
823,840
823,841
823,842
823,843
823,844
823,845
823,848
823,849
823,850
823,853
824,825
824,826
824,827
824,828
824,830
824,831
824,832
824,833
824,834
824,837
824,838
824,839
824,840
824,842
824,843
824,844
824,845
824,846
824,847
824,848
824,851
824,854
824,860
825,826
825,827
825,828
825,830
825,831
825,832
825,833
825,834
825,835
825,836
825,837
825,838
825,839
825,840
825,841
825,842
825,843
825,844
825,845
825,846
825,847
825,848
825,849
825,850
825,851
825,852
825,853
825,854
825,855
825,856
825,859
826,827
826,828
826,830
826,831
826,832
826,833
826,834
826,835
826,836
826,837
826,838
826,839
826,840
826,841
826,842
826,843
826,844
826,845
826,846
826,847
826,848
826,849
826,850
826,851
826,852
826,853
826,854
826,855
826,856
826,859
826,860
826,861
826,862
826,863
826,864
826,865
826,866
827,828
827,830
827,831
827,832
827,833
827,834
827,835
827,836
827,837
827,838
827,839
827,840
827,841
827,842
827,843
827,844
827,845
827,846
827,847
827,848
827,849
827,850
827,853
827,861
828,830
828,831
828,832
828,833
828,834
828,835
828,836
828,837
828,838
828,839
828,840
828,842
828,843
828,844
828,845
828,846
828,847
828,848
828,849
828,850
828,852
828,853
828,854
828,855
828,856
828,865
829,831
829,832
829,835
829,836
829,841
830,831
830,832
830,833
830,834
830,835
830,837
830,838
830,839
830,840
830,842
830,843
830,844
830,845
830,846
830,847
830,848
830,849
830,852
830,853
830,854
830,856
830,859
830,861
830,863
830,864
830,865
830,866
831,832
831,833
831,834
831,835
831,836
831,837
831,838
831,839
831,840
831,841
831,842
831,843
831,846
831,847
831,849
831,850
831,852
831,853
831,854
831,855
831,856
831,859
831,864
832,833
832,834
832,835
832,836
832,837
832,838
832,839
832,840
832,841
832,842
832,845
832,846
832,847
832,848
832,849
832,850
832,851
832,852
832,853
832,854
832,855
832,856
832,857
832,859
832,861
832,864
833,834
833,835
833,836
833,837
833,838
833,839
833,840
833,841
833,842
833,843
833,844
833,845
833,846
833,847
833,848
833,849
833,850
833,851
833,852
833,853
833,854
833,855
833,856
833,859
833,861
833,862
833,863
833,864
833,865
833,866
834,835
834,836
834,837
834,838
834,839
834,840
834,841
834,842
834,843
834,844
834,845
834,846
834,847
834,848
834,849
834,850
834,851
834,852
834,853
834,854
834,855
834,856
834,857
834,859
834,860
834,861
834,862
834,863
834,864
835,836
835,837
835,838
835,839
835,840
835,841
835,842
835,846
835,847
835,849
835,850
835,852
835,853
835,855
835,856
835,857
835,859
835,861
836,837
836,841
836,846
836,847
836,849
836,850
836,853
836,855
836,857
837,838
837,839
837,840
837,843
837,844
837,845
838,839
838,840
838,841
838,842
838,843
838,844
838,845
838,846
838,847
838,848
838,849
838,850
838,851
838,852
838,853
838,854
838,855
838,856
838,858
838,859
838,861
838,862
838,863
838,864
838,865
838,866
838,871
839,840
839,841
839,842
839,843
839,844
839,845
839,846
839,847
839,848
839,849
839,850
839,851
839,852
839,853
839,854
839,855
839,856
839,859
839,861
839,862
839,863
839,864
840,841
840,842
840,843
840,844
840,845
840,846
840,847
840,848
840,849
840,850
840,851
840,852
840,853
840,854
840,855
840,856
840,857
840,859
840,861
840,862
840,863
840,864
840,865
840,866
841,842
841,843
841,844
841,845
841,846
841,847
841,848
841,849
841,850
841,851
841,852
841,853
841,854
841,855
841,856
841,857
841,859
841,861
841,864
841,866
842,843
842,844
842,845
842,846
842,847
842,848
842,849
842,850
842,851
842,852
842,853
842,854
842,855
842,856
842,859
842,860
842,861
842,862
842,863
842,864
842,865
842,866
842,868
842,869
842,870
842,872
843,844
843,845
843,846
843,847
843,848
843,849
843,850
843,851
843,852
843,853
843,854
843,855
843,856
843,857
843,859
843,860
843,861
843,862
843,863
843,864
843,865
843,866
844,845
844,846
844,847
844,848
844,849
844,850
844,851
844,852
844,853
844,854
844,855
844,856
844,857
844,859
844,860
844,861
844,862
844,863
844,864
844,865
844,866
845,846
845,847
845,848
845,849
845,850
845,851
845,852
845,853
845,854
845,855
845,856
845,857
845,859
845,860
845,861
845,862
845,863
845,864
845,865
845,866
846,847
846,848
846,849
846,850
846,851
846,852
846,853
846,854
846,855
846,856
846,857
846,858
846,859
846,860
846,861
846,862
846,863
846,864
846,865
846,866
846,868
846,869
846,870
846,871
846,872
847,848
847,849
847,850
847,851
847,852
847,853
847,854
847,855
847,856
847,857
847,858
847,859
847,860
847,861
847,862
847,863
847,864
847,865
847,866
847,868
847,869
847,870
847,871
847,872
848,849
848,850
848,851
848,852
848,853
848,854
848,855
848,856
848,857
848,859
848,860
848,861
848,862
848,863
848,864
848,865
848,866
848,871
849,850
849,851
849,852
849,853
849,854
849,855
849,856
849,857
849,859
849,860
849,861
849,862
849,863
849,864
849,865
849,866
849,868
849,869
849,870
849,871
849,872
850,851
850,852
850,853
850,854
850,855
850,856
850,857
850,858
850,859
850,860
850,861
850,862
850,863
850,864
850,865
850,866
850,868
851,852
851,853
851,854
851,855
851,856
851,857
851,858
851,859
851,860
851,861
851,862
851,863
851,864
851,865
851,866
851,867
852,853
852,854
852,855
852,856
852,857
852,858
852,859
852,860
852,861
852,862
852,863
852,864
852,865
852,866
852,868
852,869
852,870
852,871
852,872
853,854
853,855
853,856
853,857
853,858
853,859
853,860
853,861
853,862
853,863
853,864
853,865
853,866
853,868
853,869
853,870
853,871
853,872
854,855
854,856
854,857
854,858
854,859
854,860
854,861
854,862
854,863
854,864
854,865
854,866
854,868
854,869
854,870
854,871
854,872
855,856
855,857
855,858
855,859
855,860
855,861
855,862
855,863
855,864
855,865
855,866
855,868
855,869
855,870
855,871
855,872
856,857
856,858
856,859
856,860
856,861
856,862
856,863
856,864
856,865
856,866
856,868
856,869
856,870
856,871
856,872
857,859
857,860
857,861
857,862
857,863
857,864
857,865
857,866
858,859
858,860
858,861
858,863
858,864
858,865
858,866
858,867
858,868
858,869
858,870
859,860
859,861
859,862
859,863
859,864
859,865
859,866
859,867
859,868
859,869
859,870
859,871
859,872
860,861
860,862
860,863
860,864
860,865
860,866
861,862
861,863
861,864
861,865
861,866
861,868
861,869
861,870
861,871
861,872
862,863
862,864
862,865
862,866
862,868
862,869
862,870
862,871
862,872
863,864
863,865
863,866
863,867
863,868
863,869
863,870
863,871
863,872
864,865
864,866
864,868
864,869
864,870
864,871
864,872
865,866
865,868
865,869
865,870
865,871
865,872
866,867
866,868
866,869
866,870
866,871
866,872
867,868
867,869
867,870
867,871
867,872
868,869
868,870
868,871
868,872
869,870
869,871
869,872
870,871
870,872
871,872
