Source,Target
9,52
9,100
9,106
9,117
9,124
9,125
9,176
9,185
9,187
9,276
9,320
9,341
9,343
9,347
9,356
9,366
9,373
9,375
9,397
9,404
9,412
9,420
9,426
9,428
9,431
9,439
9,461
9,464
9,467
9,490
9,509
9,526
9,527
9,589
9,613
9,763
9,794
9,801
12,13
16,345
29,62
29,67
29,85
29,136
29,140
29,180
29,235
29,268
29,270
29,271
29,273
29,358
29,444
29,476
29,479
29,480
29,489
29,491
29,497
29,500
29,503
29,504
29,518
29,521
29,525
29,530
29,556
29,557
29,558
29,559
29,564
29,599
29,691
29,702
29,703
29,721
29,735
29,738
29,739
29,742
29,758
29,767
29,771
29,782
29,785
29,790
31,493
32,66
32,725
32,754
34,42
34,80
34,105
34,143
34,151
34,202
34,287
34,292
34,333
34,348
34,357
34,389
34,390
34,437
34,486
34,488
34,492
34,618
34,656
34,701
34,732
34,741
35,116
35,268
35,270
35,271
35,273
35,479
35,489
35,491
35,496
35,497
35,500
35,503
35,504
35,511
35,518
35,521
35,525
38,62
38,67
38,68
38,69
38,136
38,183
38,268
38,270
38,271
38,272
38,273
38,293
38,364
38,462
38,476
38,478
38,479
38,480
38,489
38,491
38,497
38,500
38,503
38,504
38,512
38,518
38,521
38,525
38,557
38,558
38,564
38,735
38,738
38,743
38,767
38,785
42,75
42,78
42,80
42,101
42,105
42,143
42,151
42,202
42,287
42,292
42,300
42,333
42,348
42,357
42,389
42,390
42,437
42,486
42,488
42,492
42,524
42,618
42,633
42,635
42,656
42,701
42,720
42,732
42,740
42,741
42,799
46,97
46,121
46,122
46,139
46,149
46,175
46,186
46,195
46,223
46,234
46,246
46,274
46,285
46,291
46,302
46,303
46,367
46,374
46,410
46,453
46,469
46,494
46,507
46,514
46,523
46,543
46,544
46,600
46,660
46,669
46,706
46,712
52,100
52,106
52,117
52,119
52,124
52,125
52,154
52,176
52,185
52,187
52,257
52,261
52,276
52,320
52,341
52,343
52,347
52,356
52,366
52,373
52,375
52,397
52,404
52,420
52,421
52,424
52,428
52,430
52,431
52,433
52,435
52,439
52,461
52,464
52,467
52,472
52,490
52,498
52,505
52,508
52,509
52,526
52,527
52,589
52,598
52,613
52,690
52,717
52,744
52,762
52,763
52,794
52,800
53,241
62,67
62,68
62,85
62,110
62,136
62,137
62,268
62,270
62,271
62,272
62,273
62,293
62,358
62,444
62,462
62,476
62,478
62,479
62,480
62,489
62,491
62,497
62,500
62,503
62,504
62,512
62,518
62,521
62,525
62,557
62,558
62,559
62,599
62,702
62,703
62,704
62,735
62,758
62,785
62,790
63,66
67,68
67,110
67,136
67,137
67,140
67,268
67,270
67,271
67,272
67,273
67,358
67,462
67,476
67,478
67,479
67,480
67,489
67,491
67,496
67,497
67,500
67,503
67,504
67,512
67,518
67,521
67,525
67,599
67,785
67,810
68,69
68,110
68,136
68,137
68,270
68,271
68,273
68,462
68,476
68,478
68,479
68,480
68,489
68,491
68,497
68,500
68,503
68,504
68,512
68,518
68,521
68,525
68,785
69,121
69,136
69,137
69,139
69,149
69,175
69,186
69,195
69,231
69,270
69,271
69,272
69,273
69,274
69,285
69,367
69,374
69,410
69,453
69,462
69,469
69,479
69,480
69,489
69,491
69,494
69,497
69,503
69,504
69,512
69,514
69,518
69,521
69,525
69,543
69,544
69,545
69,600
69,660
69,705
69,706
69,738
69,785
71,616
75,78
75,80
75,101
75,105
75,143
75,151
75,202
75,287
75,292
75,300
75,332
75,333
75,348
75,357
75,389
75,390
75,437
75,486
75,488
75,492
75,524
75,618
75,633
75,635
75,656
75,667
75,701
75,720
75,732
75,740
75,741
75,799
76,140
78,80
78,101
78,143
78,151
78,202
78,287
78,333
78,348
78,357
78,389
78,390
78,437
78,486
78,492
78,656
78,701
78,732
78,740
78,741
79,155
80,101
80,105
80,143
80,151
80,202
80,287
80,292
80,300
80,333
80,348
80,357
80,389
80,390
80,437
80,486
80,488
80,492
80,524
80,618
80,635
80,656
80,674
80,701
80,720
80,732
80,740
80,741
80,799
83,311
85,140
85,180
85,183
85,235
85,270
85,271
85,273
85,293
85,342
85,358
85,364
85,479
85,480
85,489
85,491
85,497
85,500
85,503
85,504
85,518
85,521
85,525
85,530
85,532
85,534
85,537
85,557
85,558
85,559
85,564
85,702
85,703
85,704
85,705
85,711
85,714
85,721
85,735
85,739
85,742
85,767
85,782
85,785
85,790
85,795
85,810
90,153
90,160
90,170
90,274
90,302
90,310
90,367
90,374
90,388
90,409
90,410
90,453
90,469
90,494
90,507
90,544
90,592
90,600
90,707
92,286
92,294
92,326
92,335
92,346
92,441
92,443
92,445
92,447
92,448
92,449
92,450
92,454
92,515
92,768
92,795
95,322
97,121
97,139
97,149
97,170
97,186
97,195
97,246
97,274
97,302
97,367
97,374
97,453
97,469
97,494
97,507
97,543
97,544
97,595
97,600
97,660
97,669
97,706
97,776
98,359
98,697
100,106
100,117
100,119
100,120
100,124
100,125
100,154
100,176
100,185
100,187
100,254
100,257
100,261
100,276
100,320
100,341
100,343
100,347
100,356
100,366
100,373
100,375
100,397
100,404
100,412
100,420
100,421
100,422
100,424
100,426
100,428
100,429
100,430
100,431
100,433
100,434
100,435
100,439
100,461
100,464
100,467
100,472
100,490
100,498
100,505
100,508
100,509
100,526
100,527
100,589
100,598
100,613
100,690
100,717
100,744
100,747
100,762
100,763
100,783
100,794
100,800
100,801
101,105
101,143
101,151
101,202
101,287
101,292
101,300
101,332
101,333
101,348
101,357
101,390
101,437
101,486
101,488
101,492
101,524
101,618
101,633
101,635
101,656
101,674
101,701
101,732
101,740
101,741
103,225
103,228
103,231
103,232
103,334
103,340
103,352
103,563
103,570
103,573
103,574
103,575
103,617
103,623
103,624
103,625
103,795
105,143
105,151
105,202
105,287
105,292
105,300
105,332
105,333
105,348
105,357
105,389
105,390
105,437
105,486
105,488
105,492
105,524
105,618
105,633
105,635
105,656
105,701
105,720
105,732
105,740
105,741
106,117
106,119
106,124
106,125
106,154
106,176
106,185
106,187
106,254
106,257
106,261
106,276
106,320
106,341
106,343
106,347
106,356
106,366
106,373
106,375
106,397
106,404
106,412
106,420
106,421
106,422
106,424
106,426
106,428
106,429
106,430
106,431
106,433
106,434
106,435
106,439
106,461
106,464
106,467
106,472
106,490
106,498
106,505
106,508
106,509
106,527
106,589
106,598
106,613
106,690
106,717
106,744
106,747
106,762
106,763
106,783
106,794
106,800
106,801
108,651
110,136
110,268
110,270
110,271
110,272
110,273
110,476
110,479
110,480
110,489
110,491
110,497
110,500
110,503
110,504
110,518
110,521
110,525
110,599
110,758
110,785
116,271
116,496
116,511
117,119
117,124
117,125
117,154
117,176
117,185
117,187
117,254
117,257
117,261
117,276
117,320
117,341
117,343
117,347
117,356
117,365
117,366
117,373
117,375
117,397
117,404
117,412
117,420
117,421
117,422
117,424
117,428
117,430
117,431
117,433
117,435
117,439
117,461
117,464
117,467
117,472
117,490
117,498
117,505
117,508
117,509
117,527
117,589
117,598
117,613
117,690
117,717
117,744
117,762
117,763
117,794
117,800
117,801
119,120
119,124
119,125
119,154
119,176
119,185
119,187
119,254
119,257
119,261
119,276
119,320
119,343
119,347
119,356
119,366
119,373
119,375
119,397
119,404
119,412
119,420
119,421
119,422
119,424
119,426
119,428
119,429
119,430
119,431
119,433
119,435
119,439
119,461
119,464
119,467
119,472
119,490
119,498
119,505
119,508
119,509
119,527
119,589
119,598
119,613
119,690
119,717
119,744
119,762
119,763
119,783
119,794
120,125
120,154
120,185
120,261
120,356
120,366
120,420
120,421
120,422
120,424
120,428
120,430
120,467
120,490
120,589
120,744
120,763
120,783
121,122
121,139
121,149
121,186
121,195
121,231
121,234
121,246
121,274
121,285
121,365
121,367
121,374
121,426
121,453
121,469
121,472
121,494
121,507
121,543
121,544
121,598
121,600
121,618
121,660
121,669
121,706
122,149
122,195
122,234
122,246
122,285
122,374
122,469
122,507
122,543
122,600
122,618
122,660
122,669
122,707
122,744
124,125
124,176
124,185
124,187
124,257
124,261
124,276
124,320
124,341
124,343
124,347
124,356
124,366
124,373
124,375
124,397
124,404
124,412
124,420
124,421
124,422
124,424
124,426
124,428
124,429
124,430
124,431
124,433
124,435
124,439
124,461
124,464
124,467
124,472
124,490
124,498
124,505
124,508
124,509
124,527
124,589
124,598
124,613
124,690
124,717
124,744
124,762
124,763
124,783
124,794
124,800
124,801
125,154
125,176
125,185
125,187
125,257
125,261
125,276
125,320
125,341
125,343
125,347
125,356
125,366
125,373
125,375
125,397
125,404
125,412
125,420
125,421
125,422
125,424
125,426
125,428
125,429
125,430
125,431
125,433
125,435
125,439
125,461
125,464
125,467
125,472
125,490
125,498
125,505
125,508
125,509
125,526
125,527
125,589
125,598
125,613
125,690
125,717
125,744
125,762
125,763
125,783
125,794
125,800
125,801
136,137
136,140
136,268
136,270
136,271
136,272
136,273
136,358
136,444
136,462
136,476
136,478
136,479
136,480
136,489
136,491
136,497
136,500
136,503
136,504
136,512
136,518
136,521
136,525
136,530
136,691
136,735
136,738
136,742
136,758
136,771
136,785
137,140
137,270
137,271
137,273
137,462
137,476
137,478
137,479
137,480
137,489
137,491
137,497
137,500
137,503
137,504
137,512
137,518
137,521
137,525
137,735
137,782
139,149
139,186
139,195
139,246
139,274
139,285
139,291
139,302
139,367
139,374
139,410
139,453
139,469
139,494
139,507
139,514
139,543
139,544
139,545
139,600
139,660
139,669
139,705
139,706
140,180
140,183
140,235
140,268
140,270
140,271
140,273
140,342
140,358
140,364
140,444
140,476
140,479
140,480
140,489
140,491
140,497
140,500
140,503
140,504
140,518
140,521
140,525
140,530
140,556
140,557
140,558
140,559
140,564
140,691
140,702
140,703
140,714
140,721
140,735
140,738
140,739
140,742
140,758
140,767
140,782
140,785
140,790
142,636
143,151
143,202
143,287
143,292
143,300
143,332
143,333
143,348
143,357
143,389
143,390
143,437
143,486
143,488
143,492
143,618
143,635
143,656
143,701
143,732
143,740
143,741
148,163
149,186
149,195
149,234
149,246
149,274
149,285
149,291
149,302
149,367
149,374
149,453
149,469
149,494
149,507
149,514
149,543
149,544
149,600
149,660
149,669
149,706
149,712
151,202
151,287
151,292
151,300
151,333
151,339
151,348
151,357
151,389
151,390
151,437
151,486
151,488
151,492
151,524
151,618
151,633
151,635
151,656
151,674
151,701
151,720
151,732
151,740
151,741
151,799
153,159
153,160
153,170
153,223
153,469
153,592
154,176
154,185
154,187
154,261
154,276
154,320
154,343
154,347
154,356
154,373
154,375
154,420
154,422
154,424
154,428
154,430
154,431
154,433
154,439
154,461
154,464
154,467
154,490
154,498
154,505
154,508
154,509
154,589
154,598
154,632
154,717
154,744
154,763
154,783
154,794
154,800
159,160
159,223
159,363
159,474
159,592
159,643
160,274
160,302
160,367
160,374
160,410
160,453
160,469
160,494
160,544
160,593
160,595
160,600
168,792
170,186
170,274
170,367
170,374
170,410
170,453
170,469
170,494
170,507
170,544
170,600
170,669
173,362
175,183
175,234
175,246
175,342
175,364
175,514
175,532
175,543
175,545
175,705
175,706
175,711
175,712
175,721
175,739
176,185
176,187
176,257
176,261
176,276
176,320
176,341
176,343
176,347
176,356
176,365
176,366
176,373
176,375
176,397
176,404
176,412
176,420
176,421
176,422
176,424
176,426
176,428
176,429
176,430
176,431
176,433
176,434
176,435
176,439
176,461
176,464
176,467
176,472
176,490
176,498
176,505
176,508
176,509
176,527
176,589
176,598
176,613
176,690
176,717
176,744
176,747
176,762
176,763
176,783
176,794
176,800
176,801
180,183
180,235
180,270
180,271
180,273
180,293
180,342
180,358
180,364
180,476
180,479
180,480
180,489
180,497
180,504
180,518
180,521
180,525
180,530
180,532
180,534
180,537
180,557
180,558
180,559
180,564
180,702
180,703
180,704
180,711
180,714
180,721
180,735
180,739
180,742
180,782
180,809
183,235
183,270
183,271
183,293
183,342
183,364
183,479
183,489
183,497
183,504
183,530
183,532
183,534
183,537
183,547
183,557
183,558
183,559
183,564
183,702
183,703
183,704
183,705
183,714
183,721
183,735
183,738
183,739
183,767
183,782
185,187
185,254
185,257
185,261
185,276
185,320
185,341
185,343
185,347
185,356
185,365
185,366
185,373
185,375
185,397
185,404
185,412
185,420
185,421
185,422
185,424
185,426
185,428
185,429
185,430
185,431
185,433
185,434
185,435
185,439
185,461
185,464
185,467
185,472
185,490
185,498
185,505
185,508
185,509
185,526
185,527
185,589
185,598
185,613
185,690
185,717
185,744
185,747
185,762
185,763
185,783
185,794
185,800
185,801
186,195
186,234
186,246
186,274
186,285
186,291
186,302
186,310
186,367
186,374
186,410
186,453
186,469
186,494
186,507
186,514
186,543
186,544
186,595
186,600
186,618
186,660
186,669
186,706
186,712
187,257
187,261
187,276
187,285
187,320
187,341
187,343
187,347
187,356
187,366
187,373
187,375
187,397
187,404
187,412
187,420
187,421
187,422
187,424
187,426
187,428
187,429
187,430
187,431
187,433
187,435
187,439
187,461
187,464
187,467
187,472
187,490
187,498
187,505
187,508
187,509
187,526
187,527
187,589
187,598
187,613
187,690
187,717
187,744
187,747
187,762
187,763
187,783
187,794
187,800
187,801
195,234
195,246
195,274
195,285
195,291
195,302
195,367
195,374
195,453
195,469
195,494
195,507
195,514
195,543
195,544
195,595
195,600
195,618
195,660
195,669
195,706
195,712
199,485
199,487
202,287
202,292
202,300
202,333
202,339
202,348
202,357
202,389
202,390
202,437
202,486
202,488
202,492
202,524
202,618
202,656
202,667
202,674
202,701
202,720
202,732
202,740
202,741
202,799
204,286
204,293
204,326
204,335
204,346
204,443
204,445
204,446
204,447
204,448
204,449
204,450
225,228
225,231
225,232
225,334
225,340
225,352
225,563
225,570
225,573
225,574
225,575
225,617
225,623
225,624
225,625
225,795
228,231
228,232
228,286
228,293
228,334
228,340
228,346
228,352
228,441
228,443
228,445
228,447
228,448
228,449
228,563
228,570
228,573
228,574
228,575
228,576
228,617
228,623
228,624
228,625
228,795
231,232
231,285
231,334
231,352
231,570
231,574
231,617
231,624
231,625
231,795
232,334
232,340
232,352
232,563
232,570
232,573
232,574
232,575
232,617
232,623
232,624
232,625
232,795
234,246
234,274
234,285
234,291
234,367
234,374
234,453
234,469
234,494
234,507
234,514
234,523
234,543
234,544
234,600
234,618
234,660
234,669
234,706
234,712
235,271
235,273
235,293
235,342
235,364
235,476
235,479
235,480
235,489
235,497
235,503
235,504
235,512
235,530
235,532
235,534
235,537
235,557
235,558
235,559
235,564
235,702
235,703
235,704
235,711
235,714
235,721
235,735
235,739
235,742
235,767
235,782
246,274
246,285
246,291
246,302
246,303
246,367
246,374
246,453
246,469
246,494
246,507
246,514
246,523
246,543
246,544
246,600
246,618
246,660
246,669
246,706
246,712
246,716
250,274
250,367
250,374
250,388
250,410
250,453
250,469
250,507
254,257
254,261
254,397
254,430
254,461
254,490
254,589
254,613
254,744
257,261
257,276
257,300
257,320
257,343
257,347
257,356
257,365
257,373
257,375
257,397
257,412
257,420
257,421
257,424
257,428
257,430
257,431
257,433
257,435
257,439
257,461
257,464
257,467
257,472
257,490
257,498
257,505
257,509
257,527
257,589
257,598
257,690
257,717
257,744
257,762
257,763
257,794
257,800
257,801
261,276
261,320
261,343
261,347
261,356
261,366
261,373
261,375
261,397
261,412
261,420
261,421
261,422
261,424
261,428
261,430
261,431
261,433
261,435
261,439
261,461
261,464
261,467
261,472
261,490
261,505
261,509
261,527
261,589
261,598
261,690
261,717
261,744
261,762
261,763
261,794
261,801
268,270
268,271
268,273
268,358
268,444
268,462
268,476
268,478
268,479
268,480
268,489
268,491
268,497
268,500
268,503
268,504
268,512
268,518
268,521
268,525
268,556
268,599
268,691
268,703
268,735
268,758
268,771
268,782
268,785
268,810
270,271
270,272
270,273
270,293
270,358
270,364
270,444
270,462
270,476
270,478
270,479
270,480
270,489
270,491
270,497
270,500
270,503
270,504
270,512
270,518
270,521
270,525
270,530
270,556
270,557
270,558
270,559
270,564
270,691
270,702
270,703
270,735
270,738
270,758
270,767
270,771
270,782
270,785
270,810
271,272
271,273
271,293
271,358
271,364
271,444
271,462
271,476
271,478
271,479
271,480
271,489
271,491
271,496
271,497
271,500
271,503
271,504
271,511
271,512
271,518
271,521
271,525
271,530
271,534
271,556
271,557
271,558
271,559
271,564
271,599
271,691
271,702
271,703
271,714
271,735
271,738
271,739
271,742
271,743
271,758
271,767
271,771
271,782
271,785
271,790
271,810
272,410
272,462
272,478
272,479
272,480
272,489
272,491
272,497
272,500
272,503
272,504
272,512
272,518
272,521
272,525
272,705
273,358
273,364
273,444
273,462
273,476
273,478
273,479
273,480
273,489
273,491
273,497
273,500
273,503
273,504
273,512
273,518
273,521
273,525
273,530
273,556
273,557
273,558
273,559
273,564
273,691
273,702
273,703
273,735
273,758
273,771
273,782
273,785
273,810
274,285
274,291
274,302
274,310
274,367
274,374
274,409
274,410
274,453
274,469
274,494
274,507
274,514
274,543
274,544
274,595
274,600
274,660
274,669
274,706
274,712
276,320
276,341
276,343
276,347
276,356
276,366
276,373
276,375
276,397
276,404
276,412
276,420
276,421
276,422
276,424
276,426
276,428
276,429
276,430
276,431
276,433
276,435
276,439
276,461
276,464
276,467
276,472
276,490
276,498
276,505
276,508
276,509
276,526
276,527
276,589
276,598
276,613
276,690
276,717
276,744
276,747
276,762
276,763
276,783
276,794
276,800
276,801
285,291
285,332
285,367
285,374
285,397
285,426
285,453
285,469
285,472
285,494
285,507
285,543
285,544
285,598
285,600
285,618
285,660
285,706
285,712
286,293
286,294
286,326
286,335
286,346
286,358
286,441
286,443
286,445
286,447
286,448
286,449
286,450
286,454
286,515
286,545
286,547
286,742
286,767
286,768
286,790
287,292
287,300
287,333
287,339
287,348
287,357
287,389
287,390
287,437
287,486
287,488
287,492
287,524
287,618
287,633
287,635
287,656
287,674
287,701
287,720
287,732
287,740
287,741
287,799
291,302
291,303
291,367
291,374
291,453
291,469
291,494
291,507
291,514
291,543
291,544
291,600
291,660
291,669
291,706
291,712
292,300
292,333
292,348
292,357
292,389
292,390
292,437
292,486
292,488
292,492
292,524
292,635
292,656
292,701
292,732
292,740
292,741
292,799
293,326
293,335
293,346
293,358
293,364
293,441
293,443
293,444
293,445
293,447
293,448
293,449
293,450
293,454
293,478
293,479
293,480
293,489
293,504
293,530
293,534
293,547
293,557
293,558
293,559
293,564
293,702
293,703
293,704
293,739
293,742
293,767
293,790
293,795
293,798
293,809
294,326
294,335
294,346
294,441
294,443
294,445
294,447
294,448
294,449
294,450
294,454
294,515
294,545
294,768
294,795
300,332
300,333
300,348
300,357
300,389
300,390
300,397
300,437
300,486
300,488
300,492
300,524
300,618
300,635
300,656
300,701
300,720
300,732
300,740
300,741
300,799
302,367
302,374
302,410
302,453
302,469
302,494
302,507
302,514
302,543
302,544
302,600
302,660
302,669
303,514
303,543
310,337
310,367
310,374
310,409
310,453
310,469
310,507
310,544
313,604
316,436
316,438
320,341
320,343
320,347
320,356
320,366
320,373
320,375
320,397
320,404
320,412
320,420
320,421
320,422
320,424
320,426
320,428
320,429
320,430
320,431
320,433
320,435
320,439
320,461
320,464
320,467
320,472
320,490
320,498
320,505
320,508
320,509
320,526
320,527
320,589
320,598
320,613
320,690
320,717
320,744
320,762
320,763
320,794
320,800
320,801
324,425
326,335
326,346
326,441
326,443
326,445
326,446
326,447
326,448
326,449
326,450
326,454
326,515
326,641
326,692
326,768
326,809
332,333
332,348
332,357
332,389
332,437
332,618
332,633
332,635
332,667
332,701
332,740
332,741
333,339
333,348
333,357
333,389
333,390
333,437
333,486
333,488
333,492
333,524
333,618
333,633
333,635
333,656
333,674
333,701
333,720
333,732
333,740
333,741
333,799
334,340
334,352
334,570
334,573
334,574
334,575
334,617
334,623
334,624
334,625
334,795
335,346
335,358
335,441
335,443
335,445
335,446
335,447
335,448
335,449
335,450
335,454
335,515
335,547
335,692
335,768
335,809
339,348
339,390
339,443
339,674
340,352
340,563
340,570
340,573
340,574
340,575
340,617
340,623
340,624
340,625
340,795
341,343
341,347
341,356
341,373
341,375
341,397
341,412
341,420
341,426
341,428
341,431
341,433
341,439
341,461
341,464
341,467
341,490
341,505
341,509
341,526
341,527
341,589
341,598
341,613
341,717
341,763
341,794
341,800
342,364
342,530
342,532
342,534
342,537
342,557
342,558
342,559
342,564
342,702
342,703
342,704
342,705
342,714
342,721
342,735
342,739
342,767
342,782
343,347
343,356
343,365
343,366
343,373
343,375
343,397
343,404
343,412
343,420
343,421
343,422
343,424
343,426
343,428
343,429
343,430
343,431
343,433
343,435
343,439
343,461
343,464
343,467
343,472
343,490
343,498
343,505
343,508
343,509
343,526
343,527
343,589
343,598
343,613
343,690
343,717
343,744
343,762
343,763
343,783
343,794
343,800
343,801
344,387
344,391
344,774
346,358
346,441
346,443
346,445
346,446
346,447
346,448
346,449
346,450
346,454
346,515
346,545
346,547
346,558
346,702
346,742
346,767
346,768
346,790
346,795
347,356
347,366
347,373
347,375
347,397
347,404
347,412
347,420
347,421
347,422
347,424
347,428
347,429
347,430
347,431
347,433
347,435
347,439
347,461
347,464
347,467
347,472
347,490
347,498
347,505
347,508
347,509
347,526
347,527
347,589
347,598
347,613
347,690
347,717
347,744
347,762
347,763
347,783
347,794
347,800
347,801
348,357
348,389
348,390
348,437
348,486
348,488
348,492
348,524
348,618
348,633
348,635
348,656
348,674
348,701
348,732
348,740
348,741
348,799
352,570
352,573
352,574
352,575
352,617
352,623
352,624
352,625
352,795
356,366
356,373
356,375
356,397
356,404
356,412
356,420
356,421
356,422
356,424
356,426
356,428
356,429
356,430
356,431
356,433
356,434
356,435
356,439
356,461
356,464
356,467
356,472
356,490
356,498
356,505
356,508
356,509
356,526
356,527
356,589
356,598
356,613
356,690
356,717
356,744
356,762
356,763
356,783
356,794
356,800
356,801
357,389
357,390
357,437
357,486
357,488
357,492
357,524
357,618
357,633
357,635
357,656
357,701
357,720
357,732
357,740
357,741
357,799
358,444
358,445
358,447
358,448
358,449
358,450
358,454
358,476
358,478
358,479
358,480
358,489
358,491
358,497
358,500
358,503
358,504
358,518
358,521
358,525
358,530
358,547
358,558
358,559
358,564
358,691
358,702
358,703
358,735
358,742
358,758
358,767
358,782
358,785
358,790
358,798
358,809
358,810
359,696
359,697
363,507
364,479
364,489
364,497
364,503
364,504
364,518
364,530
364,532
364,534
364,537
364,547
364,557
364,558
364,559
364,564
364,702
364,703
364,704
364,705
364,714
364,721
364,735
364,738
364,739
364,767
364,782
365,366
365,397
365,690
365,763
366,373
366,375
366,397
366,404
366,412
366,420
366,421
366,422
366,424
366,426
366,428
366,429
366,430
366,431
366,433
366,434
366,435
366,439
366,461
366,464
366,467
366,472
366,490
366,498
366,505
366,508
366,509
366,527
366,589
366,598
366,613
366,690
366,717
366,744
366,762
366,763
366,783
366,794
366,800
366,801
367,374
367,409
367,410
367,453
367,469
367,494
367,507
367,514
367,543
367,544
367,595
367,600
367,660
367,669
367,706
367,712
369,370
371,381
373,375
373,397
373,404
373,412
373,420
373,421
373,422
373,424
373,426
373,428
373,429
373,430
373,431
373,433
373,435
373,439
373,461
373,464
373,467
373,472
373,490
373,498
373,505
373,508
373,509
373,527
373,589
373,598
373,613
373,690
373,717
373,744
373,762
373,763
373,794
373,800
373,801
374,409
374,410
374,453
374,469
374,494
374,507
374,514
374,543
374,544
374,595
374,600
374,660
374,669
374,706
375,397
375,412
375,420
375,421
375,422
375,424
375,426
375,428
375,430
375,431
375,433
375,435
375,439
375,461
375,464
375,467
375,472
375,490
375,498
375,505
375,508
375,509
375,526
375,527
375,589
375,598
375,613
375,690
375,717
375,744
375,762
375,763
375,794
375,800
375,801
379,381
379,382
379,383
380,759
381,383
387,391
387,774
388,469
388,507
389,390
389,437
389,492
389,618
389,633
389,635
389,656
389,674
389,701
389,720
389,732
389,741
390,437
390,486
390,492
390,618
390,633
390,635
390,656
390,674
390,701
390,720
390,732
390,734
390,740
390,741
397,404
397,412
397,420
397,421
397,422
397,424
397,428
397,429
397,430
397,431
397,433
397,435
397,439
397,461
397,464
397,467
397,472
397,490
397,498
397,505
397,508
397,509
397,527
397,589
397,598
397,613
397,635
397,690
397,717
397,744
397,762
397,763
397,794
397,800
397,801
404,420
404,422
404,424
404,428
404,430
404,431
404,439
404,461
404,464
404,467
404,490
404,498
404,505
404,508
404,509
404,589
404,598
404,717
404,744
404,762
404,794
404,800
404,801
405,415
405,416
405,417
409,469
410,453
410,469
410,494
410,507
410,543
410,544
410,600
410,706
412,420
412,421
412,422
412,424
412,426
412,428
412,430
412,431
412,433
412,435
412,439
412,461
412,464
412,467
412,472
412,490
412,509
412,526
412,527
412,589
412,598
412,613
412,690
412,717
412,744
412,762
412,763
412,794
412,800
412,801
415,416
415,417
416,417
420,421
420,422
420,424
420,426
420,428
420,429
420,430
420,431
420,433
420,434
420,435
420,439
420,461
420,464
420,467
420,472
420,490
420,498
420,505
420,508
420,509
420,526
420,527
420,589
420,598
420,613
420,690
420,717
420,744
420,747
420,762
420,763
420,783
420,794
420,800
420,801
421,424
421,426
421,428
421,429
421,430
421,431
421,433
421,435
421,439
421,461
421,464
421,467
421,472
421,490
421,505
421,508
421,509
421,526
421,527
421,589
421,598
421,690
421,717
421,744
421,747
421,762
421,763
421,794
421,800
422,428
422,429
422,430
422,431
422,433
422,434
422,435
422,439
422,461
422,464
422,467
422,472
422,490
422,498
422,505
422,508
422,509
422,527
422,589
422,598
422,613
422,690
422,717
422,762
422,763
422,783
422,794
422,800
422,801
424,426
424,428
424,430
424,431
424,433
424,435
424,439
424,461
424,464
424,467
424,472
424,490
424,498
424,505
424,508
424,509
424,527
424,589
424,598
424,613
424,690
424,717
424,744
424,747
424,762
424,763
424,794
426,428
426,429
426,431
426,435
426,461
426,464
426,467
426,472
426,490
426,509
426,526
426,589
426,613
426,744
426,747
426,794
428,429
428,430
428,431
428,433
428,434
428,435
428,439
428,461
428,464
428,467
428,472
428,490
428,498
428,505
428,508
428,509
428,526
428,527
428,589
428,598
428,613
428,690
428,717
428,744
428,762
428,763
428,783
428,794
428,800
428,801
429,430
429,431
429,435
429,439
429,461
429,464
429,467
429,472
429,490
429,505
429,509
429,526
429,527
429,589
429,598
429,667
429,717
429,744
429,783
429,794
429,801
430,431
430,433
430,435
430,439
430,461
430,464
430,467
430,472
430,490
430,498
430,505
430,508
430,509
430,527
430,589
430,598
430,613
430,690
430,717
430,744
430,762
430,763
430,783
430,794
431,433
431,434
431,435
431,439
431,461
431,464
431,467
431,472
431,490
431,498
431,505
431,508
431,509
431,526
431,527
431,589
431,598
431,613
431,690
431,717
431,744
431,747
431,762
431,763
431,783
431,794
431,800
431,801
433,435
433,439
433,461
433,464
433,467
433,472
433,490
433,498
433,505
433,508
433,509
433,527
433,589
433,598
433,613
433,690
433,717
433,744
433,762
433,763
433,794
433,800
433,801
434,472
434,490
434,589
434,717
434,763
435,439
435,461
435,464
435,467
435,472
435,490
435,498
435,505
435,509
435,527
435,589
435,598
435,613
435,690
435,717
435,744
435,747
435,762
435,763
435,794
435,800
435,801
436,438
436,496
437,486
437,488
437,492
437,524
437,618
437,633
437,635
437,656
437,667
437,674
437,701
437,720
437,732
437,740
437,741
437,799
439,461
439,464
439,467
439,472
439,490
439,498
439,505
439,508
439,509
439,527
439,589
439,598
439,613
439,690
439,717
439,744
439,747
439,762
439,763
439,783
439,794
439,800
439,801
441,443
441,445
441,447
441,448
441,449
441,450
441,454
441,515
441,545
441,547
441,742
441,767
441,768
441,790
443,445
443,446
443,447
443,448
443,449
443,450
443,454
443,515
443,641
443,692
443,768
443,809
444,454
444,476
444,479
444,480
444,489
444,491
444,497
444,500
444,503
444,504
444,512
444,518
444,521
444,525
444,692
444,735
444,782
444,785
444,810
445,446
445,447
445,448
445,449
445,450
445,454
445,515
445,547
445,641
445,692
445,768
445,809
446,447
446,448
446,449
446,450
446,454
446,692
447,448
447,449
447,450
447,454
447,515
447,547
447,692
447,768
447,809
448,449
448,450
448,454
448,515
448,641
448,692
448,768
448,809
449,450
449,454
449,515
449,520
449,547
449,692
449,768
449,809
450,454
450,515
450,547
450,692
450,768
450,809
453,469
453,494
453,507
453,514
453,543
453,544
453,595
453,600
453,660
453,669
453,706
453,712
454,515
454,545
454,547
454,742
454,768
454,790
454,810
461,464
461,467
461,472
461,490
461,498
461,505
461,508
461,509
461,526
461,527
461,589
461,598
461,613
461,690
461,717
461,744
461,762
461,763
461,783
461,794
461,800
461,801
462,476
462,478
462,479
462,480
462,489
462,491
462,497
462,500
462,503
462,504
462,512
462,518
462,521
462,525
462,556
462,704
462,735
462,738
462,771
462,782
462,785
464,467
464,472
464,490
464,498
464,505
464,508
464,509
464,527
464,589
464,598
464,613
464,690
464,717
464,744
464,762
464,763
464,783
464,794
464,800
464,801
467,472
467,490
467,498
467,505
467,508
467,509
467,526
467,527
467,589
467,598
467,613
467,690
467,717
467,744
467,747
467,762
467,763
467,783
467,794
467,800
467,801
469,494
469,507
469,514
469,543
469,544
469,592
469,600
469,660
469,669
469,706
469,707
472,490
472,498
472,505
472,508
472,509
472,527
472,589
472,598
472,690
472,717
472,744
472,762
472,763
472,794
472,800
472,801
476,478
476,479
476,480
476,489
476,491
476,497
476,500
476,503
476,504
476,512
476,518
476,521
476,525
476,559
476,735
476,758
476,771
476,782
476,785
476,810
478,479
478,480
478,489
478,491
478,497
478,500
478,503
478,504
478,512
478,518
478,521
478,525
478,556
478,691
478,735
478,742
478,758
478,767
478,785
478,790
479,480
479,489
479,491
479,497
479,500
479,503
479,504
479,512
479,518
479,521
479,525
479,530
479,534
479,547
479,556
479,557
479,558
479,559
479,564
479,599
479,691
479,702
479,703
479,714
479,735
479,738
479,739
479,742
479,758
479,767
479,771
479,782
479,785
479,790
479,810
480,489
480,491
480,497
480,500
480,503
480,504
480,512
480,518
480,521
480,525
480,534
480,556
480,559
480,599
480,691
480,703
480,714
480,735
480,738
480,758
480,771
480,782
480,785
480,810
485,487
486,488
486,492
486,524
486,633
486,656
486,701
486,720
486,732
486,740
486,741
486,799
488,492
488,524
488,635
488,656
488,701
488,732
488,740
488,741
488,799
489,491
489,497
489,500
489,503
489,504
489,512
489,518
489,521
489,525
489,530
489,547
489,556
489,557
489,558
489,559
489,564
489,599
489,691
489,702
489,703
489,735
489,738
489,758
489,767
489,771
489,782
489,785
489,810
490,498
490,505
490,508
490,509
490,526
490,527
490,589
490,598
490,613
490,690
490,717
490,744
490,747
490,762
490,763
490,783
490,794
490,800
490,801
491,497
491,500
491,503
491,504
491,512
491,518
491,521
491,525
491,530
491,556
491,558
491,559
491,691
491,703
491,735
491,738
491,742
491,758
491,767
491,771
491,782
491,785
492,524
492,618
492,633
492,635
492,656
492,701
492,720
492,732
492,740
492,741
492,799
494,507
494,514
494,543
494,544
494,595
494,600
494,660
494,669
494,706
496,500
496,511
497,500
497,503
497,504
497,512
497,518
497,521
497,525
497,530
497,556
497,557
497,558
497,559
497,564
497,691
497,702
497,703
497,735
497,738
497,758
497,767
497,771
497,782
497,785
497,810
498,505
498,508
498,509
498,589
498,598
498,690
498,717
498,744
498,762
498,763
498,794
498,801
500,503
500,504
500,512
500,518
500,521
500,525
500,559
500,564
500,599
500,691
500,702
500,703
500,735
500,758
500,771
500,785
500,810
501,626
503,504
503,512
503,518
503,521
503,525
503,556
503,558
503,559
503,564
503,599
503,691
503,702
503,703
503,735
503,738
503,758
503,771
503,782
503,785
503,810
504,512
504,518
504,521
504,525
504,530
504,547
504,556
504,557
504,558
504,559
504,564
504,599
504,691
504,702
504,703
504,714
504,735
504,738
504,758
504,767
504,771
504,782
504,785
504,810
505,508
505,509
505,527
505,589
505,598
505,690
505,717
505,744
505,762
505,763
505,794
505,800
505,801
507,514
507,543
507,544
507,600
507,660
507,669
507,706
507,707
507,712
508,509
508,589
508,598
508,717
508,762
508,794
508,800
508,801
509,526
509,527
509,589
509,598
509,613
509,690
509,717
509,744
509,762
509,763
509,783
509,794
509,800
509,801
512,518
512,521
512,525
512,556
512,735
512,771
512,782
512,785
514,523
514,543
514,544
514,600
514,660
514,669
514,706
514,712
515,768
518,521
518,525
518,530
518,556
518,557
518,558
518,559
518,564
518,599
518,691
518,702
518,703
518,735
518,738
518,758
518,767
518,771
518,782
518,785
518,810
520,547
520,558
520,809
521,525
521,556
521,559
521,564
521,691
521,702
521,703
521,735
521,758
521,771
521,782
521,785
521,810
523,543
523,669
524,635
524,656
524,701
524,720
524,732
524,740
524,741
524,799
525,530
525,556
525,559
525,564
525,599
525,691
525,702
525,703
525,735
525,738
525,758
525,771
525,782
525,785
525,810
526,527
526,589
526,613
526,794
527,589
527,598
527,613
527,690
527,717
527,744
527,762
527,763
527,794
527,800
527,801
528,591
530,532
530,534
530,537
530,557
530,558
530,559
530,564
530,702
530,703
530,704
530,705
530,714
530,721
530,735
530,739
530,742
530,767
530,782
531,756
532,534
532,537
532,557
532,558
532,559
532,564
532,702
532,703
532,704
532,705
532,711
532,714
532,721
532,739
532,782
534,537
534,557
534,558
534,559
534,564
534,702
534,703
534,704
534,714
534,721
534,739
534,782
537,557
537,558
537,559
537,564
537,702
537,703
537,704
537,714
537,721
537,739
542,772
543,544
543,600
543,618
543,660
543,669
543,706
543,712
544,595
544,600
544,660
544,669
544,706
544,712
545,705
545,706
545,768
547,558
547,735
547,742
547,743
547,767
547,790
547,809
556,691
556,735
556,738
556,758
556,782
557,558
557,559
557,564
557,702
557,703
557,704
557,705
557,714
557,721
557,735
557,738
557,739
557,742
557,767
557,782
557,790
557,795
558,559
558,564
558,623
558,702
558,703
558,704
558,705
558,714
558,721
558,735
558,739
558,742
558,767
558,782
558,790
558,795
559,564
559,623
559,702
559,703
559,704
559,705
559,711
559,714
559,721
559,735
559,739
559,742
559,767
559,782
559,785
563,570
563,573
563,574
563,575
563,576
563,617
563,623
563,625
563,795
564,702
564,703
564,704
564,705
564,711
564,714
564,721
564,735
564,739
564,767
564,782
570,573
570,574
570,575
570,617
570,623
570,624
570,625
570,795
573,574
573,575
573,617
573,623
573,624
573,625
573,795
574,575
574,576
574,617
574,623
574,624
574,625
574,795
575,617
575,623
575,624
575,625
575,795
576,617
576,795
589,598
589,613
589,690
589,717
589,744
589,747
589,762
589,763
589,783
589,794
589,800
589,801
592,600
592,669
592,707
595,600
595,660
598,613
598,690
598,717
598,744
598,762
598,763
598,794
598,801
599,742
599,758
599,771
599,790
600,660
600,669
600,706
600,712
602,769
613,762
613,763
613,794
617,623
617,624
617,625
617,795
618,633
618,635
618,656
618,660
618,667
618,701
618,720
618,732
618,740
618,741
623,624
623,625
623,703
623,704
623,795
624,625
624,795
625,795
628,631
633,635
633,656
633,667
633,701
633,720
633,732
633,734
633,740
633,741
635,656
635,667
635,701
635,732
635,740
635,741
641,692
641,798
641,809
656,674
656,701
656,720
656,732
656,740
656,741
656,799
660,669
660,705
660,706
660,707
660,712
660,716
667,701
667,740
667,800
669,706
669,712
669,716
674,701
674,732
690,717
690,744
690,762
690,763
690,794
690,800
690,801
691,735
691,758
692,798
692,809
699,755
701,720
701,732
701,740
701,741
701,799
702,703
702,704
702,714
702,721
702,735
702,739
702,742
702,767
702,782
702,790
703,704
703,711
703,714
703,721
703,735
703,739
703,742
703,767
703,782
704,705
704,714
704,721
704,739
704,790
705,706
705,711
705,712
705,721
705,739
706,712
711,714
711,739
714,721
714,738
714,739
714,782
714,810
716,755
716,770
717,744
717,747
717,762
717,763
717,794
717,800
717,801
720,732
720,740
720,741
721,739
721,782
732,740
732,741
732,799
734,741
735,737
735,738
735,739
735,742
735,743
735,758
735,767
735,771
735,782
735,785
735,790
735,810
737,738
737,742
738,742
738,782
738,785
739,782
740,741
740,799
741,799
742,743
742,767
742,790
742,798
743,758
743,767
743,790
744,762
744,763
744,783
744,794
744,801
755,770
758,771
758,785
762,763
762,794
762,800
762,801
763,783
763,794
763,801
767,771
767,790
768,795
782,785
783,794
783,801
794,800
794,801
800,801
803,805
809,810
811,813
811,815
812,813
812,816
812,817
813,815
813,816
813,817
813,820
815,816
815,817
815,820
816,817
816,820
817,820
