group_code,start_date,end_date,id_mep,membership_length
RENEW,2019-07-02,2024-07-15,0,1840
RENEW,2019-07-02,2020-01-31,1,213
SD,2019-07-02,2022-10-02,2,1188
EPP,2023-07-07,2024-07-15,3,374
SD,2019-07-02,2024-07-15,4,1840
SD,2019-07-02,2022-02-01,5,945
EPP,2019-07-02,2024-07-15,6,1840
EPP,2019-07-02,2024-07-15,7,1840
EPP,2019-07-02,2024-07-15,8,1840
GREEN_EFA,2019-07-02,2024-07-15,9,1840
EPP,2019-07-02,2022-10-12,10,1198
SD,2019-07-02,2020-01-31,11,213
EPP,2019-07-02,2024-07-15,12,1840
EPP,2019-07-02,2024-07-15,13,1840
EPP,2019-07-02,2024-07-15,14,1840
RENEW,2019-07-02,2024-07-15,15,1840
SD,2019-07-02,2024-07-15,16,1840
EPP,2019-07-02,2024-07-15,17,1840
RENEW,2019-07-02,2024-07-15,18,1840
EPP,2019-07-02,2022-10-12,19,1198
ECR,2019-07-02,2022-10-12,20,1198
ECR,2019-07-02,2020-01-31,21,213
SD,2019-07-02,2020-01-31,22,213
NI,2019-07-02,2020-01-31,23,213
SD,2019-07-02,2020-01-31,24,213
GREEN_EFA,2019-07-02,2020-01-31,25,213
RENEW,2019-07-02,2020-01-31,26,213
ECR,2019-07-02,2020-01-31,27,213
EPP,2019-07-02,2024-07-15,28,1840
ECR,2020-02-01,2024-07-15,29,1626
SD,2019-07-04,2024-07-15,30,1838
EPP,2019-07-02,2024-07-15,31,1840
SD,2019-07-02,2024-07-15,32,1840
RENEW,2019-07-02,2024-07-15,33,1840
GUE_NGL,2019-07-02,2024-07-15,34,1840
ECR,2019-07-02,2024-07-15,35,1840
SD,2019-07-02,2024-07-15,36,1840
EPP,2019-07-02,2024-07-15,37,1840
ECR,2019-07-02,2024-07-15,38,1840
NI,2021-03-05,2024-07-15,39,1228
EPP,2019-07-02,2021-01-01,40,549
SD,2019-07-02,2023-10-17,41,1568
GUE_NGL,2019-07-02,2024-07-15,42,1840
EPP,2019-07-02,2024-07-15,43,1840
EPP,2019-07-02,2024-07-15,44,1840
GREEN_EFA,2022-09-05,2024-07-15,45,679
EPP,2019-07-02,2022-11-01,46,1218
NI,2021-03-05,2024-07-15,47,1228
EPP,2019-07-02,2020-10-11,48,467
EPP,2019-07-02,2024-07-15,49,1840
NI,2021-03-05,2024-07-15,50,1228
NI,2021-03-05,2024-07-15,51,1228
GREEN_EFA,2019-07-02,2024-07-15,52,1840
EPP,2019-07-02,2024-07-15,53,1840
EPP,2019-07-02,2024-07-15,54,1840
EPP,2019-07-02,2024-07-15,55,1840
EPP,2019-07-02,2024-07-15,56,1840
EPP,2019-07-02,2024-07-15,57,1840
RENEW,2019-07-02,2024-07-15,58,1840
EPP,2019-07-02,2024-07-15,59,1840
EPP,2019-07-02,2024-07-15,60,1840
EPP,2019-07-02,2024-07-15,61,1840
ECR,2019-07-02,2024-07-15,62,1840
SD,2019-07-02,2024-07-15,63,1840
SD,2019-07-02,2024-07-15,64,1840
SD,2023-04-06,2024-07-15,65,466
SD,2019-07-02,2024-07-15,66,1840
ECR,2019-07-02,2024-07-15,67,1840
ECR,2019-07-02,2024-07-15,68,1840
ECR,2019-07-02,2023-10-18,69,1569
EPP,2019-07-02,2024-07-15,70,1840
EPP,2019-07-02,2024-07-15,71,1840
EPP,2019-07-02,2024-07-15,72,1840
EPP,2022-11-02,2024-07-15,73,621
GREEN_EFA,2019-07-02,2019-12-12,74,163
GUE_NGL,2019-07-02,2024-07-15,75,1840
ECR,2019-07-02,2024-07-15,76,1840
EPP,2019-07-02,2024-07-15,77,1840
GREEN_EFA,2019-07-02,2022-03-31,78,1003
SD,2019-07-02,2023-01-18,79,1296
GUE_NGL,2019-07-02,2024-07-15,80,1840
GREEN_EFA,2019-07-02,2020-01-31,81,213
EPP,2019-07-02,2024-07-15,82,1840
SD,2019-07-02,2024-07-15,83,1840
SD,2019-07-02,2024-07-15,84,1840
ID,2019-07-02,2024-07-15,85,1840
EPP,2019-07-02,2024-01-28,86,1671
SD,2019-07-02,2021-03-30,87,637
SD,2019-07-02,2024-07-15,88,1840
EPP,2019-07-02,2019-11-30,89,151
EPP,2019-07-02,2024-02-15,90,1689
EPP,2019-07-02,2024-07-15,91,1840
ID,2019-07-02,2024-07-15,92,1840
SD,2019-07-02,2021-11-29,93,881
SD,2019-07-02,2024-07-15,94,1840
EPP,2019-07-02,2024-07-15,95,1840
EPP,2019-07-02,2024-07-15,96,1840
RENEW,2019-07-02,2023-03-07,97,1344
RENEW,2019-07-02,2024-07-15,98,1840
EPP,2019-07-02,2024-07-15,99,1840
GREEN_EFA,2019-07-02,2024-07-15,100,1840
GUE_NGL,2019-07-02,2024-07-15,101,1840
SD,2020-02-01,2024-07-15,102,1626
ID,2019-07-02,2024-07-15,103,1840
EPP,2019-07-02,2024-07-15,104,1840
GUE_NGL,2019-07-02,2024-07-15,105,1840
GREEN_EFA,2019-07-02,2024-07-15,106,1840
SD,2022-12-30,2023-10-17,107,291
EPP,2019-07-02,2024-07-15,108,1840
SD,2019-07-02,2024-07-15,109,1840
ECR,2019-07-02,2024-07-15,110,1840
NI,2021-01-21,2024-07-15,111,1271
GUE_NGL,2019-07-02,2021-07-05,112,734
NI,2019-07-02,2020-01-02,113,184
RENEW,2019-07-02,2024-07-15,114,1840
RENEW,2019-07-02,2024-07-15,115,1840
ECR,2019-07-02,2024-07-15,116,1840
GREEN_EFA,2019-07-02,2024-07-15,117,1840
GREEN_EFA,2019-07-02,2021-12-15,118,897
GREEN_EFA,2019-07-02,2024-07-15,119,1840
GREEN_EFA,2019-07-02,2024-07-15,120,1840
GREEN_EFA,2019-07-02,2023-09-23,121,1544
GREEN_EFA,2019-07-02,2023-11-29,122,1611
EPP,2019-07-02,2024-07-15,123,1840
GREEN_EFA,2019-07-02,2024-07-15,124,1840
GREEN_EFA,2019-07-02,2024-07-15,125,1840
EPP,2019-07-02,2024-07-15,126,1840
EPP,2019-07-02,2024-07-15,127,1840
EPP,2019-07-02,2024-07-15,128,1840
EPP,2019-07-02,2024-07-15,129,1840
EPP,2022-11-02,2024-07-15,130,621
RENEW,2021-11-10,2024-07-15,131,978
EPP,2019-07-02,2024-07-15,132,1840
EPP,2019-07-02,2024-07-15,133,1840
EPP,2019-07-02,2024-07-15,134,1840
EPP,2019-07-02,2024-07-15,135,1840
ECR,2019-07-02,2024-07-15,136,1840
ECR,2019-07-02,2024-07-15,137,1840
EPP,2019-07-02,2024-07-15,138,1840
EPP,2019-07-02,2023-09-03,139,1524
ECR,2019-07-02,2024-07-15,140,1840
EPP,2019-07-02,2024-07-15,141,1840
SD,2019-07-02,2024-07-15,142,1840
GUE_NGL,2019-07-02,2024-03-25,143,1728
NI,2021-03-05,2024-07-15,144,1228
NI,2021-03-05,2024-07-15,145,1228
NI,2021-03-05,2024-07-15,146,1228
SD,2019-07-02,2024-07-15,147,1840
SD,2019-07-02,2024-07-15,148,1840
SD,2019-07-02,2023-07-02,149,1461
SD,2019-07-02,2022-01-10,150,923
GUE_NGL,2019-07-02,2024-07-15,151,1840
SD,2019-07-02,2022-01-11,152,924
EPP,2019-07-02,2024-04-01,153,1735
GREEN_EFA,2019-07-02,2024-07-15,154,1840
SD,2019-07-02,2023-01-17,155,1295
RENEW,2019-07-02,2024-07-15,156,1840
SD,2019-07-02,2024-07-15,157,1840
SD,2019-07-02,2019-09-05,158,65
EPP,2019-07-02,2024-04-01,159,1735
EPP,2019-07-02,2024-04-01,160,1735
SD,2019-07-02,2022-05-12,161,1045
RENEW,2019-07-02,2024-07-15,162,1840
SD,2019-07-02,2024-07-15,163,1840
EPP,2019-07-02,2024-07-15,164,1840
EPP,2019-07-02,2024-07-15,165,1840
EPP,2020-02-01,2024-07-15,166,1626
NI,2019-07-02,2020-01-31,167,213
SD,2019-07-02,2024-07-15,168,1840
RENEW,2019-07-02,2020-01-31,169,213
EPP,2019-07-02,2024-03-25,170,1728
SD,2019-07-02,2024-07-15,171,1840
SD,2019-07-02,2024-07-15,172,1840
RENEW,2019-07-02,2024-07-15,173,1840
ECR,2019-07-02,2021-03-30,174,637
ID,2019-07-02,2022-10-12,175,1198
GREEN_EFA,2019-07-02,2024-07-15,176,1840
EPP,2019-07-02,2024-07-15,177,1840
EPP,2019-07-02,2024-07-15,178,1840
EPP,2019-07-02,2024-07-15,179,1840
ID,2019-07-02,2024-07-15,180,1840
NI,2019-07-02,2020-01-31,181,213
EPP,2019-07-02,2024-07-15,182,1840
ID,2019-07-02,2024-07-15,183,1840
SD,2019-07-02,2024-07-15,184,1840
GREEN_EFA,2019-07-02,2024-07-15,185,1840
RENEW,2019-07-02,2023-10-24,186,1575
GREEN_EFA,2019-07-02,2024-07-15,187,1840
EPP,2019-07-02,2024-07-15,188,1840
ECR,2019-07-02,2020-01-31,189,213
RENEW,2019-07-02,2020-01-31,190,213
EPP,2019-07-02,2024-07-15,191,1840
SD,2019-07-02,2024-07-15,192,1840
SD,2020-02-01,2024-07-15,193,1626
SD,2019-07-02,2024-07-15,194,1840
SD,2019-07-02,2023-06-01,195,1430
GUE_NGL,2019-07-02,2020-01-31,196,213
RENEW,2019-07-02,2024-07-15,197,1840
EPP,2019-07-02,2024-07-15,198,1840
RENEW,2019-07-02,2024-07-15,199,1840
ECR,2019-07-02,2021-06-30,200,729
EPP,2019-07-02,2019-11-30,201,151
GUE_NGL,2019-07-02,2024-07-15,202,1840
SD,2019-07-02,2024-07-15,203,1840
ECR,2019-07-02,2024-07-15,204,1840
NI,2021-03-05,2024-07-15,205,1228
SD,2019-07-02,2024-07-15,206,1840
SD,2019-07-02,2024-07-15,207,1840
RENEW,2019-07-02,2022-11-29,208,1246
RENEW,2019-07-02,2024-07-15,209,1840
RENEW,2019-07-02,2024-07-15,210,1840
EPP,2019-07-02,2024-07-15,211,1840
EPP,2019-07-02,2024-07-15,212,1840
SD,2019-07-02,2024-07-15,213,1840
RENEW,2019-07-02,2024-07-15,214,1840
RENEW,2019-07-02,2024-07-15,215,1840
EPP,2019-07-02,2024-07-15,216,1840
NI,2021-03-05,2024-07-15,217,1228
EPP,2019-07-02,2024-07-15,218,1840
NI,2021-03-05,2024-07-15,219,1228
EPP,2019-07-02,2024-07-15,220,1840
SD,2019-07-02,2024-07-15,221,1840
EPP,2019-07-02,2024-07-15,222,1840
EPP,2019-07-02,2024-04-04,223,1738
SD,2019-07-02,2024-07-15,224,1840
ID,2019-07-02,2024-07-15,225,1840
SD,2019-07-02,2024-07-15,226,1840
SD,2019-07-02,2024-07-15,227,1840
ID,2019-07-02,2022-02-15,228,959
ID,2019-07-02,2022-07-28,229,1122
RENEW,2019-07-02,2024-07-15,230,1840
ID,2019-07-02,2024-07-15,231,1840
ID,2019-07-02,2024-07-15,232,1840
NI,2019-07-02,2024-07-15,233,1840
GREEN_EFA,2020-12-09,2022-10-12,234,672
ID,2019-07-02,2024-07-15,235,1840
SD,2019-07-02,2024-07-15,236,1840
SD,2019-07-02,2024-07-15,237,1840
SD,2019-07-02,2024-07-15,238,1840
SD,2019-07-02,2024-07-15,239,1840
EPP,2019-07-02,2024-07-15,240,1840
EPP,2019-07-02,2024-07-15,241,1840
EPP,2019-07-02,2024-07-15,242,1840
EPP,2019-07-02,2024-07-15,243,1840
EPP,2019-07-02,2021-09-28,244,819
NI,2019-07-02,2024-02-07,245,1681
SD,2019-07-02,2022-10-12,246,1198
GREEN_EFA,2019-07-02,2020-07-15,247,379
RENEW,2020-02-13,2024-07-15,248,1614
SD,2019-07-02,2024-07-15,249,1840
EPP,2019-07-02,2024-07-15,250,1840
EPP,2021-04-29,2024-07-15,251,1173
NI,2019-07-02,2024-07-15,252,1840
NI,2019-07-02,2024-07-15,253,1840
GREEN_EFA,2020-12-09,2024-07-15,254,1314
SD,2019-07-02,2024-07-15,255,1840
SD,2019-07-02,2024-07-15,256,1840
GREEN_EFA,2020-12-09,2024-07-15,257,1314
SD,2019-07-02,2024-07-15,258,1840
EPP,2019-07-02,2024-07-15,259,1840
SD,2019-07-02,2024-07-15,260,1840
GREEN_EFA,2020-12-09,2024-07-15,261,1314
SD,2019-07-02,2023-05-10,262,1408
RENEW,2019-07-02,2024-07-15,263,1840
RENEW,2019-07-02,2024-07-15,264,1840
SD,2019-07-02,2024-07-15,265,1840
RENEW,2019-07-02,2024-07-15,267,1840
ECR,2019-07-02,2024-07-15,268,1840
ID,2022-11-22,2024-07-15,269,601
ECR,2019-07-02,2024-07-15,270,1840
ECR,2019-07-02,2024-07-15,271,1840
ECR,2019-07-02,2024-07-15,272,1840
ECR,2019-07-02,2024-07-15,273,1840
EPP,2019-07-02,2023-10-18,274,1569
EPP,2019-07-02,2024-07-15,275,1840
GREEN_EFA,2019-07-02,2024-07-15,276,1840
SD,2019-07-02,2024-07-15,277,1840
GREEN_EFA,2019-07-02,2020-01-31,278,213
SD,2019-07-02,2020-01-31,279,213
SD,2019-07-02,2020-01-31,280,213
SD,2019-07-02,2020-01-31,281,213
SD,2019-07-02,2020-01-31,282,213
NI,2019-07-02,2020-01-31,283,213
SD,2019-07-02,2020-10-18,284,474
GREEN_EFA,2019-07-02,2023-11-20,285,1602
ID,2019-07-02,2024-07-15,286,1840
GUE_NGL,2019-07-02,2024-07-15,287,1840
GUE_NGL,2019-07-02,2020-02-07,288,220
EPP,2020-02-01,2024-07-15,289,1626
RENEW,2019-07-02,2020-12-12,290,529
SD,2019-07-02,2022-09-25,291,1181
GUE_NGL,2019-07-02,2024-07-15,292,1840
ECR,2019-07-02,2024-07-15,293,1840
ID,2019-07-02,2024-07-15,294,1840
EPP,2019-07-02,2024-07-15,295,1840
RENEW,2019-07-02,2024-07-15,296,1840
EPP,2019-07-02,2024-07-15,297,1840
SD,2019-07-02,2024-07-15,298,1840
SD,2019-07-02,2024-07-15,299,1840
GUE_NGL,2019-07-02,2024-07-15,300,1840
ID,2020-02-01,2022-10-23,301,995
EPP,2019-07-02,2023-08-16,302,1506
EPP,2019-07-02,2024-07-15,303,1840
RENEW,2019-07-02,2024-07-15,304,1840
SD,2019-07-02,2024-07-15,305,1840
SD,2019-07-02,2024-07-15,306,1840
SD,2019-07-02,2024-07-15,307,1840
SD,2019-07-02,2024-07-15,308,1840
EPP,2019-07-02,2022-05-04,309,1037
EPP,2019-07-02,2024-07-15,310,1840
EPP,2019-07-02,2024-07-15,311,1840
EPP,2019-07-02,2024-04-05,312,1739
EPP,2019-07-02,2024-07-15,313,1840
NI,2019-07-02,2024-07-15,314,1840
EPP,2019-07-02,2024-07-15,315,1840
ECR,2019-07-02,2024-07-15,316,1840
SD,2019-07-02,2022-12-08,317,1255
SD,2019-07-02,2023-05-02,318,1400
RENEW,2019-07-02,2024-07-15,319,1840
GREEN_EFA,2019-07-02,2024-07-15,320,1840
RENEW,2021-03-11,2024-07-15,321,1222
EPP,2019-07-02,2024-07-15,322,1840
EPP,2019-07-02,2024-07-15,323,1840
RENEW,2019-07-02,2024-07-15,324,1840
SD,2019-07-02,2024-07-15,325,1840
ID,2019-07-02,2024-07-15,326,1840
RENEW,2019-07-02,2024-07-15,327,1840
EPP,2021-01-26,2024-07-15,329,1266
RENEW,2019-07-02,2024-07-15,330,1840
ECR,2019-07-02,2022-09-06,331,1162
GUE_NGL,2019-07-02,2024-07-15,332,1840
GUE_NGL,2019-07-02,2024-07-15,333,1840
ID,2019-07-02,2024-07-15,334,1840
ID,2019-07-02,2024-07-15,335,1840
ECR,2023-04-12,2024-07-15,336,460
RENEW,2019-07-02,2024-07-15,337,1840
RENEW,2019-07-02,2024-07-15,338,1840
GUE_NGL,2021-07-06,2024-07-15,339,1105
ID,2019-07-02,2024-07-15,340,1840
GREEN_EFA,2020-02-01,2024-07-15,341,1626
ID,2019-07-02,2024-07-15,342,1840
GREEN_EFA,2019-07-02,2024-07-15,343,1840
EPP,2019-07-02,2024-07-15,344,1840
SD,2019-07-02,2024-07-15,345,1840
ID,2019-07-02,2024-07-15,346,1840
GREEN_EFA,2020-07-23,2024-07-15,347,1453
GUE_NGL,2019-07-02,2024-07-15,348,1840
SD,2019-07-02,2020-01-31,349,213
NI,2019-07-02,2020-01-31,350,213
EPP,2019-07-02,2024-07-15,351,1840
ID,2019-07-02,2024-07-15,352,1840
ECR,2019-07-02,2020-01-31,353,213
EPP,2019-07-02,2024-07-15,354,1840
SD,2019-07-02,2020-01-31,355,213
GREEN_EFA,2020-02-01,2024-07-15,356,1626
GUE_NGL,2019-07-02,2024-07-15,357,1840
ID,2019-07-02,2022-02-13,358,957
RENEW,2019-07-02,2024-07-15,359,1840
EPP,2019-07-02,2024-07-15,360,1840
EPP,2019-07-02,2024-07-15,361,1840
RENEW,2019-07-02,2024-07-15,362,1840
SD,2019-07-02,2022-11-08,363,1225
ID,2019-07-02,2024-07-15,364,1840
GREEN_EFA,2019-07-02,2024-07-15,365,1840
GREEN_EFA,2019-07-02,2024-07-15,366,1840
EPP,2019-07-02,2023-10-23,367,1574
EPP,2019-07-02,2024-07-15,368,1840
SD,2019-07-02,2024-07-15,369,1840
SD,2019-07-02,2024-07-15,370,1840
EPP,2019-07-02,2024-07-15,371,1840
SD,2019-07-02,2024-07-15,372,1840
GREEN_EFA,2019-07-02,2024-07-15,373,1840
SD,2019-07-02,2024-02-20,374,1694
GREEN_EFA,2019-07-02,2024-07-15,375,1840
ECR,2019-07-02,2022-09-25,376,1181
RENEW,2019-07-02,2024-07-15,377,1840
RENEW,2019-07-02,2024-07-15,378,1840
EPP,2019-07-02,2024-07-15,379,1840
SD,2019-07-02,2024-07-15,380,1840
EPP,2019-07-02,2024-07-15,381,1840
EPP,2019-07-02,2024-07-15,382,1840
EPP,2019-07-02,2024-07-15,383,1840
EPP,2019-07-02,2024-07-15,384,1840
EPP,2019-07-02,2024-07-15,385,1840
EPP,2019-07-02,2024-07-15,386,1840
EPP,2019-07-02,2024-07-15,387,1840
EPP,2019-07-02,2024-07-15,388,1840
GUE_NGL,2019-07-02,2024-07-15,389,1840
GUE_NGL,2019-07-02,2024-07-15,390,1840
EPP,2019-07-02,2024-07-15,391,1840
RENEW,2019-07-02,2024-07-15,392,1840
RENEW,2019-07-02,2024-07-15,393,1840
EPP,2019-07-02,2021-01-11,394,559
EPP,2019-07-02,2024-07-15,395,1840
EPP,2019-07-02,2024-07-15,396,1840
GREEN_EFA,2019-07-02,2024-07-15,397,1840
EPP,2019-07-02,2024-07-15,398,1840
EPP,2019-07-02,2024-07-15,399,1840
EPP,2019-07-02,2024-07-15,400,1840
SD,2019-07-02,2019-11-30,401,151
EPP,2019-07-02,2024-07-15,402,1840
RENEW,2019-07-02,2024-07-15,403,1840
GREEN_EFA,2019-07-02,2024-07-15,404,1840
RENEW,2019-07-02,2024-07-15,405,1840
SD,2019-07-02,2024-07-15,406,1840
NI,2020-01-29,2024-07-15,407,1629
SD,2019-07-02,2024-07-15,408,1840
EPP,2021-04-29,2024-02-04,409,1011
RENEW,2019-07-02,2023-12-31,410,1643
NI,2019-07-02,2024-07-15,411,1840
GREEN_EFA,2019-07-02,2024-07-15,412,1840
SD,2019-07-02,2024-07-15,413,1840
SD,2019-07-02,2024-07-15,414,1840
RENEW,2019-07-02,2024-07-15,415,1840
RENEW,2019-07-02,2024-07-15,416,1840
RENEW,2019-07-02,2024-07-15,417,1840
SD,2019-07-02,2024-07-15,418,1840
RENEW,2019-07-02,2024-07-15,419,1840
GREEN_EFA,2019-07-02,2024-07-15,420,1840
GREEN_EFA,2019-07-02,2024-07-15,421,1840
GREEN_EFA,2019-07-02,2024-07-15,422,1840
RENEW,2019-07-02,2024-07-15,423,1840
GREEN_EFA,2019-07-02,2024-07-15,424,1840
EPP,2019-07-02,2024-07-15,425,1840
GREEN_EFA,2019-07-02,2024-07-15,426,1840
EPP,2019-07-02,2024-07-15,427,1840
GREEN_EFA,2019-07-02,2024-07-15,428,1840
GREEN_EFA,2019-07-02,2024-07-15,429,1840
GREEN_EFA,2019-07-02,2024-07-15,430,1840
GREEN_EFA,2019-07-02,2024-07-15,431,1840
RENEW,2019-07-02,2024-07-15,432,1840
GREEN_EFA,2019-07-02,2024-07-15,433,1840
GREEN_EFA,2019-07-02,2024-07-15,434,1840
GREEN_EFA,2019-07-02,2024-07-15,435,1840
ECR,2019-07-02,2024-07-15,436,1840
GUE_NGL,2019-07-02,2024-07-15,437,1840
ECR,2019-07-02,2024-07-15,438,1840
GREEN_EFA,2019-07-02,2024-07-15,439,1840
GREEN_EFA,2019-07-02,2020-09-30,440,456
ID,2019-07-02,2024-07-15,441,1840
EPP,2019-07-02,2024-07-15,442,1840
ID,2019-07-02,2024-07-15,443,1840
ECR,2021-06-23,2024-07-15,444,1118
ID,2019-07-02,2024-07-15,445,1840
ID,2019-07-02,2024-07-15,446,1840
ID,2019-07-02,2024-07-15,447,1840
ID,2019-07-02,2024-07-15,448,1840
ID,2019-07-02,2024-07-15,449,1840
ID,2019-07-02,2024-07-15,450,1840
EPP,2019-07-02,2024-07-15,451,1840
SD,2019-07-02,2024-07-15,452,1840
EPP,2019-07-02,2023-10-18,453,1569
ID,2019-07-02,2024-07-15,454,1840
RENEW,2019-07-02,2024-07-15,455,1840
SD,2019-07-02,2024-07-15,456,1840
SD,2019-07-02,2024-07-15,457,1840
SD,2019-07-02,2024-07-15,458,1840
SD,2019-07-02,2024-07-15,459,1840
RENEW,2019-07-02,2022-05-19,460,1052
GREEN_EFA,2019-07-02,2024-07-15,461,1840
ECR,2019-07-02,2024-07-15,462,1840
RENEW,2019-07-02,2024-07-15,463,1840
GREEN_EFA,2019-07-02,2024-07-15,464,1840
RENEW,2019-07-02,2024-07-15,465,1840
RENEW,2019-07-02,2024-07-15,466,1840
GREEN_EFA,2019-07-02,2024-07-15,467,1840
SD,2019-07-02,2024-07-15,468,1840
RENEW,2019-07-02,2024-01-11,469,1654
EPP,2019-07-02,2024-07-15,470,1840
GREEN_EFA,2019-07-02,2022-03-08,471,980
GREEN_EFA,2019-07-02,2024-07-15,472,1840
EPP,2019-07-02,2024-07-15,473,1840
EPP,2019-07-02,2024-07-15,474,1840
EPP,2019-07-02,2024-07-15,475,1840
ECR,2019-07-02,2024-07-15,476,1840
EPP,2019-07-02,2024-07-15,477,1840
ECR,2019-07-02,2024-07-15,478,1840
ECR,2019-07-02,2024-07-15,479,1840
ECR,2019-07-02,2024-07-15,480,1840
GUE_NGL,2019-07-02,2022-07-28,481,1122
SD,2021-03-24,2024-07-15,482,1209
SD,2019-07-02,2024-07-15,483,1840
EPP,2019-07-02,2024-07-15,484,1840
RENEW,2019-07-02,2024-07-15,485,1840
GUE_NGL,2019-07-02,2024-07-15,486,1840
RENEW,2019-07-02,2024-07-15,487,1840
GUE_NGL,2019-07-02,2024-07-15,488,1840
ECR,2019-07-02,2024-07-15,489,1840
GREEN_EFA,2019-07-02,2024-07-15,490,1840
ECR,2019-07-02,2024-07-15,491,1840
GUE_NGL,2019-07-02,2024-07-15,492,1840
EPP,2019-07-02,2024-07-15,493,1840
EPP,2019-07-02,2023-09-23,494,1544
EPP,2019-07-02,2024-07-15,495,1840
ECR,2019-07-02,2024-07-15,496,1840
ECR,2019-07-02,2024-07-15,497,1840
GREEN_EFA,2019-07-02,2024-07-15,498,1840
SD,2019-07-02,2024-07-15,499,1840
ECR,2019-07-02,2024-07-15,500,1840
EPP,2019-07-02,2024-07-15,501,1840
RENEW,2019-07-02,2024-07-15,502,1840
ECR,2019-07-02,2024-07-15,503,1840
ECR,2019-07-02,2024-07-15,504,1840
GREEN_EFA,2019-07-02,2024-07-15,505,1840
RENEW,2019-07-02,2024-07-15,506,1840
EPP,2019-07-02,2023-12-12,507,1624
GREEN_EFA,2019-07-02,2024-07-15,508,1840
GREEN_EFA,2020-09-30,2024-07-15,509,1384
RENEW,2019-07-02,2024-07-15,510,1840
ECR,2019-07-02,2024-07-15,511,1840
ECR,2019-07-02,2024-07-15,512,1840
RENEW,2019-07-02,2022-09-01,513,1157
RENEW,2019-07-02,2022-11-14,514,1231
ID,2019-07-02,2024-07-15,515,1840
RENEW,2019-07-02,2024-07-15,516,1840
RENEW,2019-07-02,2024-07-15,517,1840
ECR,2019-07-02,2024-07-15,518,1840
RENEW,2019-07-02,2024-07-15,519,1840
ID,2019-07-02,2023-12-12,520,1624
ECR,2019-07-02,2024-07-15,521,1840
RENEW,2019-07-02,2024-07-15,522,1840
ID,2019-07-02,2022-11-14,523,1231
GUE_NGL,2019-07-02,2024-07-15,524,1840
ECR,2019-07-02,2024-07-15,525,1840
GREEN_EFA,2019-07-02,2024-07-15,526,1840
GREEN_EFA,2019-07-02,2024-07-15,527,1840
RENEW,2019-07-02,2024-07-15,528,1840
RENEW,2019-07-02,2024-07-15,529,1840
ID,2019-07-02,2024-07-15,530,1840
SD,2019-07-02,2024-07-15,531,1840
ID,2019-07-02,2024-07-15,532,1840
RENEW,2019-07-02,2024-07-15,533,1840
ID,2019-07-02,2024-07-15,534,1840
SD,2019-07-02,2024-07-15,535,1840
RENEW,2019-07-02,2024-07-15,536,1840
ID,2019-07-02,2023-10-02,537,1553
SD,2019-07-02,2024-07-15,538,1840
RENEW,2019-07-02,2024-07-15,539,1840
RENEW,2019-07-02,2024-07-15,540,1840
SD,2019-07-02,2024-07-15,541,1840
SD,2019-07-02,2024-07-15,542,1840
SD,2019-07-02,2023-04-04,543,1372
RENEW,2019-07-02,2023-08-09,544,1499
ID,2019-07-02,2023-04-04,545,1372
RENEW,2019-07-02,2024-07-15,546,1840
ID,2019-07-02,2023-04-04,547,1372
ID,2019-07-02,2022-07-28,548,1122
NI,2019-07-02,2020-01-31,549,213
RENEW,2019-07-02,2020-01-31,550,213
NI,2019-07-02,2020-01-31,551,213
GREEN_EFA,2019-07-02,2020-01-31,552,213
NI,2019-07-02,2020-01-31,553,213
RENEW,2019-07-02,2020-01-31,554,213
EPP,2019-07-02,2024-07-15,555,1840
ECR,2019-07-02,2024-07-15,556,1840
ID,2019-07-02,2024-07-15,557,1840
ID,2019-07-02,2024-07-15,558,1840
ID,2019-07-02,2024-07-15,559,1840
NI,2019-07-02,2020-01-09,560,191
GREEN_EFA,2019-07-02,2020-01-31,561,213
ID,2019-07-02,2022-10-12,562,1198
ID,2019-07-02,2022-01-24,563,937
ID,2019-07-02,2024-07-15,564,1840
SD,2019-07-02,2021-11-16,565,868
SD,2019-07-02,2024-07-15,566,1840
NI,2019-07-02,2024-07-15,567,1840
NI,2019-07-02,2020-01-31,568,213
EPP,2019-07-02,2024-07-15,569,1840
ID,2019-07-02,2024-07-15,570,1840
RENEW,2019-07-02,2024-07-15,571,1840
RENEW,2019-07-02,2020-01-31,572,213
ID,2019-07-02,2022-11-09,573,1226
ID,2019-07-02,2024-07-15,574,1840
ID,2019-07-02,2024-07-15,575,1840
ID,2019-07-02,2022-02-01,576,945
RENEW,2019-07-02,2024-07-15,577,1840
RENEW,2019-07-02,2024-07-15,578,1840
SD,2019-07-02,2024-07-15,579,1840
SD,2019-07-02,2024-07-15,580,1840
EPP,2019-07-02,2024-07-15,581,1840
EPP,2019-07-02,2024-07-15,582,1840
SD,2019-07-02,2024-07-15,583,1840
SD,2019-07-02,2019-07-18,584,16
SD,2019-07-02,2024-07-15,585,1840
NI,2019-07-02,2020-01-31,586,213
EPP,2019-07-02,2020-01-06,587,188
GREEN_EFA,2019-07-02,2020-01-31,588,213
GREEN_EFA,2019-07-02,2024-07-15,589,1840
EPP,2019-07-02,2024-07-15,590,1840
EPP,2019-07-02,2024-07-15,591,1840
EPP,2019-07-02,2024-07-15,592,1840
EPP,2019-07-02,2024-07-15,593,1840
SD,2019-07-02,2024-07-15,594,1840
SD,2019-07-02,2024-07-15,595,1840
EPP,2019-07-02,2024-07-15,596,1840
SD,2019-07-02,2024-07-15,597,1840
GREEN_EFA,2019-07-02,2024-07-15,598,1840
ECR,2020-05-13,2024-07-15,599,1524
EPP,2019-07-02,2023-10-16,600,1567
SD,2019-07-02,2024-02-22,601,1696
SD,2019-07-02,2024-07-15,602,1840
RENEW,2019-07-02,2020-12-22,603,539
EPP,2019-07-02,2024-07-15,604,1840
RENEW,2019-07-02,2024-07-15,605,1840
RENEW,2019-07-02,2020-11-03,606,490
RENEW,2019-07-02,2024-07-15,607,1840
EPP,2019-07-02,2024-07-15,608,1840
RENEW,2019-07-02,2024-07-15,609,1840
SD,2019-07-02,2024-07-15,610,1840
EPP,2019-07-02,2024-07-15,611,1840
EPP,2019-07-02,2024-07-15,612,1840
GREEN_EFA,2019-07-02,2024-07-15,613,1840
SD,2019-07-02,2024-07-15,614,1840
SD,2019-07-02,2022-10-09,615,1195
EPP,2019-07-02,2024-07-15,616,1840
ID,2019-07-02,2024-07-15,617,1840
GUE_NGL,2019-07-02,2023-11-20,618,1602
SD,2019-07-02,2024-07-15,619,1840
ID,2019-07-02,2022-01-24,620,937
GUE_NGL,2019-07-02,2022-09-02,621,1158
ID,2019-07-02,2022-07-28,622,1122
ID,2019-07-02,2024-07-15,623,1840
ID,2019-07-02,2024-07-15,624,1840
ID,2019-07-02,2024-07-15,625,1840
EPP,2019-07-02,2024-07-15,626,1840
RENEW,2019-07-02,2020-01-31,627,213
SD,2019-07-02,2024-07-15,628,1840
EPP,2019-07-02,2024-07-15,629,1840
GREEN_EFA,2019-07-02,2020-01-31,630,213
SD,2019-07-02,2024-07-15,631,1840
SD,2019-07-02,2024-07-15,632,1840
GUE_NGL,2019-07-02,2024-07-15,633,1840
RENEW,2019-07-02,2020-01-31,634,213
GUE_NGL,2019-07-02,2024-07-15,635,1840
SD,2019-07-02,2024-07-15,636,1840
NI,2019-07-02,2020-01-14,637,196
NI,2019-07-02,2020-01-31,638,213
NI,2019-07-02,2020-01-31,639,213
NI,2019-07-02,2020-01-31,640,213
ECR,2019-07-02,2024-07-15,641,1840
GREEN_EFA,2019-07-02,2020-01-31,642,213
EPP,2019-07-02,2024-07-15,643,1840
NI,2019-07-02,2020-01-31,644,213
GREEN_EFA,2019-07-02,2020-01-31,645,213
NI,2019-07-02,2020-01-31,646,213
RENEW,2019-07-02,2020-01-31,647,213
SD,2019-07-02,2024-07-15,648,1840
SD,2019-07-02,2024-07-15,649,1840
SD,2019-07-02,2024-07-15,650,1840
EPP,2019-07-02,2024-07-15,651,1840
SD,2019-07-02,2024-07-15,652,1840
SD,2019-07-02,2024-07-15,653,1840
SD,2019-07-02,2024-07-15,654,1840
RENEW,2019-07-02,2020-01-31,655,213
GUE_NGL,2019-07-02,2024-07-15,656,1840
SD,2019-07-02,2022-09-09,657,1165
NI,2019-07-02,2020-01-31,658,213
NI,2019-07-02,2024-07-15,659,1840
SD,2019-07-02,2023-08-16,660,1506
NI,2019-07-02,2020-01-31,661,213
NI,2019-07-02,2024-07-15,662,1840
EPP,2019-07-02,2024-07-15,663,1840
RENEW,2019-07-02,2020-01-31,664,213
NI,2019-07-02,2024-07-15,665,1840
SD,2019-07-02,2024-07-15,666,1840
GUE_NGL,2019-07-02,2024-01-30,667,1673
NI,2019-07-02,2020-01-31,668,213
EPP,2019-07-02,2023-07-06,669,1465
ECR,2019-07-02,2019-07-06,670,4
RENEW,2019-07-02,2020-01-31,671,213
NI,2019-07-02,2020-01-31,672,213
NI,2019-07-02,2020-01-31,673,213
GUE_NGL,2019-07-02,2024-07-15,674,1840
RENEW,2019-07-02,2020-01-31,675,213
SD,2019-07-02,2024-07-15,676,1840
NI,2019-07-02,2020-01-31,677,213
SD,2019-07-02,2020-01-31,678,213
NI,2019-07-02,2020-01-31,679,213
NI,2019-07-02,2020-01-31,680,213
SD,2019-07-02,2022-12-29,681,1276
NI,2019-07-02,2024-07-15,682,1840
NI,2019-07-02,2024-07-15,683,1840
EPP,2019-07-02,2024-07-15,684,1840
RENEW,2021-05-20,2024-07-15,685,1152
ECR,2019-07-02,2024-07-15,686,1840
RENEW,2021-12-08,2024-07-15,687,950
RENEW,2019-07-02,2024-07-15,688,1840
EPP,2019-07-02,2024-07-15,689,1840
GREEN_EFA,2019-07-02,2024-07-15,690,1840
ECR,2019-07-02,2024-07-15,691,1840
ECR,2019-07-02,2024-07-15,692,1840
EPP,2019-07-02,2024-07-15,693,1840
EPP,2019-07-02,2024-07-15,694,1840
RENEW,2019-07-02,2024-07-15,695,1840
RENEW,2020-02-01,2024-07-15,696,1626
RENEW,2019-07-02,2024-07-15,697,1840
SD,2019-07-02,2024-07-15,698,1840
SD,2019-07-02,2024-07-15,699,1840
RENEW,2019-07-02,2024-07-15,700,1840
GUE_NGL,2019-07-02,2024-07-15,701,1840
ID,2019-07-02,2024-07-15,702,1840
ID,2019-07-02,2024-07-15,703,1840
ID,2019-07-02,2024-07-15,704,1840
ID,2019-07-02,2023-04-02,705,1370
ID,2019-07-02,2021-06-20,706,719
SD,2019-07-02,2024-03-19,707,1722
NI,2019-07-02,2023-01-24,708,1302
NI,2019-07-02,2023-02-14,709,1323
NI,2019-07-02,2024-07-15,710,1840
ID,2019-07-02,2024-07-15,711,1840
EPP,2021-04-29,2022-10-12,712,531
EPP,2021-09-10,2024-07-15,713,1039
ID,2019-07-02,2024-07-15,714,1840
SD,2019-07-02,2024-07-15,715,1840
SD,2019-07-02,2024-07-15,716,1840
GREEN_EFA,2019-07-02,2024-07-15,717,1840
NI,2019-07-02,2020-01-31,718,213
NI,2019-07-02,2024-07-15,719,1840
GUE_NGL,2019-07-02,2024-07-15,720,1840
ID,2019-07-02,2024-07-15,721,1840
NI,2019-07-02,2020-01-09,722,191
SD,2019-07-02,2024-07-15,723,1840
NI,2019-07-02,2020-01-09,724,191
SD,2019-07-02,2024-07-15,725,1840
RENEW,2019-07-02,2020-01-31,726,213
GREEN_EFA,2019-07-02,2020-01-31,727,213
NI,2019-07-02,2020-01-31,728,213
NI,2019-07-02,2020-01-31,729,213
RENEW,2019-07-02,2020-01-31,730,213
RENEW,2019-07-02,2020-01-31,731,213
GUE_NGL,2019-07-02,2024-07-15,732,1840
RENEW,2019-07-02,2024-07-15,733,1840
GUE_NGL,2019-07-02,2023-04-18,734,1386
ECR,2019-07-02,2024-07-15,735,1840
NI,2021-10-06,2024-07-15,736,1013
ECR,2021-06-23,2024-07-15,737,1118
ECR,2019-07-02,2024-07-15,738,1840
ID,2019-07-02,2024-07-15,739,1840
GUE_NGL,2019-07-02,2024-07-15,740,1840
GUE_NGL,2019-07-02,2024-07-15,741,1840
ECR,2019-07-02,2024-07-15,742,1840
ECR,2019-07-02,2024-07-15,743,1840
GREEN_EFA,2019-07-02,2024-07-15,744,1840
EPP,2019-07-02,2024-07-15,745,1840
EPP,2019-07-02,2024-07-15,746,1840
GREEN_EFA,2019-07-02,2024-07-15,747,1840
SD,2019-07-02,2024-07-15,748,1840
EPP,2019-07-02,2024-07-15,749,1840
EPP,2019-07-02,2024-07-15,750,1840
EPP,2019-07-02,2024-07-15,751,1840
SD,2019-07-02,2024-07-15,752,1840
EPP,2019-07-02,2024-07-15,753,1840
SD,2019-07-02,2024-07-15,754,1840
SD,2019-07-02,2024-07-15,755,1840
SD,2019-07-02,2024-07-15,756,1840
RENEW,2019-07-02,2024-07-15,757,1840
ECR,2019-07-02,2024-07-15,758,1840
EPP,2019-07-02,2024-07-15,759,1840
RENEW,2019-07-02,2024-07-15,760,1840
RENEW,2019-07-02,2022-01-09,761,922
GREEN_EFA,2019-07-02,2024-07-15,762,1840
GREEN_EFA,2019-07-02,2024-07-15,763,1840
NI,2021-03-05,2024-07-15,764,1228
NI,2019-07-02,2024-07-15,765,1840
NI,2019-07-02,2024-07-15,766,1840
ECR,2019-07-02,2024-07-15,767,1840
ID,2019-07-02,2024-07-15,768,1840
SD,2019-07-02,2024-07-15,769,1840
SD,2019-07-02,2024-07-15,770,1840
ECR,2019-07-10,2024-07-15,771,1832
SD,2019-07-02,2024-07-15,772,1840
SD,2019-09-03,2024-07-15,773,1777
EPP,2019-12-01,2024-07-15,774,1688
SD,2019-12-10,2024-07-15,775,1679
EPP,2019-12-02,2024-07-15,776,1687
NI,2019-07-02,2024-07-15,777,1840
NI,2019-07-02,2024-07-15,778,1840
RENEW,2020-02-01,2022-11-14,779,1017
RENEW,2020-02-01,2024-07-15,780,1626
EPP,2020-02-01,2024-07-15,781,1626
ECR,2021-02-23,2024-07-15,782,1238
GREEN_EFA,2020-02-01,2024-07-15,783,1626
EPP,2020-02-01,2024-07-15,784,1626
ECR,2020-02-01,2024-07-15,785,1626
EPP,2020-01-23,2024-07-15,786,1635
GREEN_EFA,2020-01-27,2020-01-31,787,4
RENEW,2020-02-04,2024-07-15,788,1623
SD,2020-02-01,2024-07-15,789,1626
ECR,2020-02-01,2024-07-15,790,1626
RENEW,2020-02-01,2024-07-15,791,1626
SD,2020-02-01,2024-07-15,792,1626
RENEW,2020-02-04,2024-07-15,793,1623
GREEN_EFA,2020-02-05,2024-07-15,794,1622
ID,2020-02-01,2024-07-15,795,1626
NI,2020-02-01,2024-07-15,796,1626
EPP,2020-02-01,2024-07-15,797,1626
ECR,2021-12-08,2024-07-15,798,950
GUE_NGL,2020-03-09,2024-07-15,799,1589
GREEN_EFA,2020-07-17,2024-07-15,800,1459
GREEN_EFA,2020-10-08,2024-07-15,801,1376
SD,2020-11-11,2024-07-15,802,1342
RENEW,2020-11-10,2024-07-15,803,1343
EPP,2020-11-24,2024-07-15,804,1329
RENEW,2020-12-28,2024-07-15,805,1295
NI,2021-03-05,2024-07-15,806,1228
RENEW,2021-02-04,2024-07-15,807,1257
SD,2021-04-21,2024-07-15,808,1181
ECR,2021-04-19,2024-07-15,809,1183
ECR,2021-07-01,2024-07-15,810,1110
EPP,2021-10-14,2024-07-15,811,1005
SD,2022-01-11,2024-07-15,812,916
SD,2021-12-14,2024-07-15,813,944
GREEN_EFA,2021-12-22,2024-03-05,814,804
RENEW,2022-01-18,2024-07-15,815,909
SD,2022-02-02,2024-07-15,816,894
SD,2022-01-12,2024-07-15,817,915
GREEN_EFA,2024-03-12,2024-07-15,818,125
SD,2022-05-18,2024-07-15,819,789
RENEW,2022-05-20,2024-07-15,820,787
ID,2022-07-29,2024-07-15,821,717
ID,2022-07-29,2024-07-15,822,717
ID,2022-07-29,2024-07-15,823,717
GUE_NGL,2022-07-29,2024-07-15,824,717
SD,2022-09-13,2024-07-15,825,671
RENEW,2022-09-15,2024-07-15,826,669
SD,2022-10-03,2024-07-15,827,651
SD,2022-09-26,2024-07-15,828,658
ECR,2022-10-11,2024-07-15,829,643
SD,2022-10-12,2024-07-15,830,642
ID,2022-11-02,2023-12-06,831,399
ID,2022-11-02,2024-07-15,832,621
SD,2022-11-02,2024-07-15,833,621
NI,2022-11-02,2024-07-15,834,621
ECR,2022-11-02,2024-07-15,835,621
ID,2022-11-02,2023-09-10,836,312
EPP,2022-11-02,2024-07-15,837,621
RENEW,2022-11-22,2024-07-15,838,601
RENEW,2022-11-22,2024-07-15,839,601
SD,2022-12-06,2024-07-15,840,587
ID,2023-04-06,2024-04-28,841,388
EPP,2023-04-20,2024-07-15,842,452
SD,2023-05-03,2024-07-15,843,439
SD,2023-06-02,2024-07-15,844,409
SD,2023-07-03,2024-07-15,845,378
RENEW,2023-08-10,2024-07-15,846,340
EPP,2023-09-14,2024-07-15,847,305
SD,2023-09-06,2024-07-15,848,313
EPP,2023-09-06,2024-07-15,849,313
EPP,2023-09-24,2024-07-15,850,295
GREEN_EFA,2023-09-24,2024-07-15,851,295
EPP,2023-10-17,2024-07-15,852,272
EPP,2023-10-24,2024-07-15,853,265
RENEW,2023-10-26,2024-07-15,854,263
EPP,2023-11-16,2024-07-15,855,242
EPP,2023-11-16,2024-07-15,856,242
ECR,2023-11-29,2024-07-15,857,229
GUE_NGL,2023-11-30,2024-07-15,858,228
GREEN_EFA,2023-11-30,2024-07-15,859,228
GUE_NGL,2023-12-21,2024-07-15,860,207
RENEW,2024-01-01,2024-07-15,861,196
EPP,2024-01-03,2024-07-15,862,194
RENEW,2024-01-12,2024-07-15,863,185
EPP,2024-02-21,2024-07-15,864,145
SD,2024-02-27,2024-07-15,865,139
EPP,2024-02-27,2024-07-15,866,139
GUE_NGL,2024-03-26,2024-07-15,867,111
EPP,2024-03-26,2024-07-15,868,111
EPP,2024-04-02,2024-07-15,869,104
EPP,2024-04-02,2024-07-15,870,104
EPP,2024-04-02,2024-07-15,871,104
EPP,2024-04-05,2024-07-15,872,101
